scenario_id,income_type,baseline,counterfactual,delta
ai_S_R_S0_V1,pretax,23762.2319964106,23780.7164166111,18.4844202005042
ai_S_R_S0_V1,aftertax,20810.0918974791,20825.2698856228,15.1779881436123
ai_M_R_S0_V1,pretax,23762.2319964106,24165.317719591,403.085723180422
ai_M_R_S0_V1,aftertax,20810.0918974791,21126.6461243007,316.55422682151
ai_R_R_S0_V1,pretax,23762.2319964106,24443.5979629433,681.365966532718
ai_R_R_S0_V1,aftertax,20810.0918974791,21344.5067506349,534.414853155799
ai_S_F_S0_V1,pretax,23762.2319964106,23878.3457477413,116.113751330744
ai_S_F_S0_V1,aftertax,20810.0918974791,20900.8555197033,90.7636222241563
ai_M_F_S0_V1,pretax,23762.2319964106,24466.6704182442,704.438421833696
ai_M_F_S0_V1,aftertax,20810.0918974791,21359.6473259306,549.555428451477
ai_R_F_S0_V1,pretax,23762.2319964106,25170.8005354538,1408.5685390432
ai_R_F_S0_V1,aftertax,20810.0918974791,21906.3853454279,1096.29344794876
ai_S_R_S2_V1,pretax,23762.2319964106,23779.6920133744,17.460016963887
ai_S_R_S2_V1,aftertax,20810.0918974791,20834.4443653129,24.3524678337562
ai_M_R_S2_V1,pretax,23762.2319964106,24158.7519381851,396.519941774583
ai_M_R_S2_V1,aftertax,20810.0918974791,21181.1162747765,371.024377297355
ai_R_R_S2_V1,pretax,23762.2319964106,24429.6840021626,667.452005752053
ai_R_R_S2_V1,aftertax,20810.0918974791,21448.9923043388,638.900406859666
ai_S_F_S2_V1,pretax,23762.2319964106,23877.3128685049,115.080872094324
ai_S_F_S2_V1,aftertax,20810.0918974791,20910.0937678727,100.001870393531
ai_M_F_S2_V1,pretax,23762.2319964106,24459.9092568445,697.677260433964
ai_M_F_S2_V1,aftertax,20810.0918974791,21415.2734318213,605.181534342115
ai_R_F_S2_V1,pretax,23762.2319964106,25155.9714595432,1393.73946313266
ai_R_F_S2_V1,aftertax,20810.0918974791,22016.6521136785,1206.56021619931
ai_S_R_S3_V1,pretax,23762.2319964106,23781.7203085445,19.4883121339044
ai_S_R_S3_V1,aftertax,20810.0918974791,20815.9871069198,5.89520944065953
ai_M_R_S3_V1,pretax,23762.2319964106,24171.1832844671,408.951288056593
ai_M_R_S3_V1,aftertax,20810.0918974791,21068.0344642633,257.94256678419
ai_R_R_S3_V1,pretax,23762.2319964106,24454.6341916825,692.402195271912
ai_R_R_S3_V1,aftertax,20810.0918974791,21223.2037360381,413.11183855898
ai_S_F_S3_V1,pretax,23762.2319964106,23879.3579379335,117.125941522922
ai_S_F_S3_V1,aftertax,20810.0918974791,20891.5096962594,81.4177987802832
ai_M_F_S3_V1,pretax,23762.2319964106,24472.7016113022,710.469614891623
ai_M_F_S3_V1,aftertax,20810.0918974791,21299.8476916292,489.755794150027
ai_R_F_S3_V1,pretax,23762.2319964106,25182.6063331527,1420.37433674217
ai_R_F_S3_V1,aftertax,20810.0918974791,21779.4045407315,969.312643252342
