scenario_id,instrument,delta_labor,delta_capital,delta_both,interaction
ai_M_F_S0_V1,revenues_payroll_tax,42.4903101815828,4.54747350886464e-13,42.4903101815828,-4.54747350886464e-13
ai_M_F_S0_V1,revenues_income_tax,90.4369249090696,24.7729925812037,115.351042928733,0.141125438460222
ai_M_F_S0_V1,outlays_tax_credits,-4.37561739464418,-0.0547262428106166,-4.4264155872272,0.00392805022760001
ai_M_F_S0_V1,revenues_corp_tax,0,0,0,0
ai_M_F_S0_V1,revenues_estate_tax,0,0,0,0
ai_M_F_S0_V1,revenues_vat,0,0,0,0
ai_M_F_S0_V1,revenues_other,0,0,0,0
ai_M_F_S0_V1,total,137.302852485296,24.8277188240136,162.267768697543,0.13719738823329
ai_M_F_S2_V1,revenues_payroll_tax,68.2199322982249,4.54747350886464e-13,68.2199322982249,-4.54747350886464e-13
ai_M_F_S2_V1,revenues_income_tax,37.3796314052543,24.7729925812037,62.2520219674484,0.0993979809904886
ai_M_F_S2_V1,outlays_tax_credits,-11.147153221704,-0.0547262428106166,-11.1928397370698,0.00903972744481507
ai_M_F_S2_V1,revenues_corp_tax,0,0,0,0
ai_M_F_S2_V1,revenues_estate_tax,0,0,0,0
ai_M_F_S2_V1,revenues_vat,0,0,0,0
ai_M_F_S2_V1,revenues_other,0,0,0,0
ai_M_F_S2_V1,total,116.746716925183,24.8277188240136,141.664794002742,0.0903582535456735
ai_M_F_S3_V1,revenues_payroll_tax,15.7322178456257,4.54747350886464e-13,15.7322178456257,-4.54747350886464e-13
ai_M_F_S3_V1,revenues_income_tax,145.943505393637,24.7729925812037,170.885903226109,0.169405251268927
ai_M_F_S3_V1,outlays_tax_credits,2.26192147847324,-0.0547262428106166,2.20760823984881,0.000413004186185617
ai_M_F_S3_V1,revenues_corp_tax,0,0,0,0
ai_M_F_S3_V1,revenues_estate_tax,0,0,0,0
ai_M_F_S3_V1,revenues_vat,0,0,0,0
ai_M_F_S3_V1,revenues_other,0,0,0,0
ai_M_F_S3_V1,total,159.413801760788,24.8277188240136,184.410512831886,0.168992247084134
ai_M_R_S0_V1,revenues_payroll_tax,9.3556340249479,4.54747350886464e-13,9.3556340249479,-4.54747350886464e-13
ai_M_R_S0_V1,revenues_income_tax,19.6764424307967,49.3258937403457,69.0530073180144,0.0506711468719914
ai_M_R_S0_V1,outlays_tax_credits,-0.975626058390858,-0.105474691202133,-1.07849179806213,0.00260895153085983
ai_M_R_S0_V1,revenues_corp_tax,0,0,0,0
ai_M_R_S0_V1,revenues_estate_tax,0,0,0,0
ai_M_R_S0_V1,revenues_vat,0,0,0,0
ai_M_R_S0_V1,revenues_other,0,0,0,0
ai_M_R_S0_V1,total,30.0077025141354,49.4313684315475,79.4871331410241,0.0480621953411173
ai_M_R_S2_V1,revenues_payroll_tax,34.3343914073391,4.54747350886464e-13,34.3343914073391,-4.54747350886464e-13
ai_M_R_S2_V1,revenues_income_tax,-32.279442911467,49.3258937403457,17.064085764795,0.0176349359162487
ai_M_R_S2_V1,outlays_tax_credits,-7.65672216246445,-0.105474691202133,-7.74837234431591,0.0138245093506697
ai_M_R_S2_V1,revenues_corp_tax,0,0,0,0
ai_M_R_S2_V1,revenues_estate_tax,0,0,0,0
ai_M_R_S2_V1,revenues_vat,0,0,0,0
ai_M_R_S2_V1,revenues_other,0,0,0,0
ai_M_R_S2_V1,total,9.71167065833561,49.4313684315475,59.146849516449,0.0038104265659058
ai_M_R_S3_V1,revenues_payroll_tax,-16.6618761854836,4.54747350886464e-13,-16.6618761854836,-4.54747350886464e-13
ai_M_R_S3_V1,revenues_income_tax,74.0536264411057,49.3258937403457,123.483438790769,0.103918609318043
ai_M_R_S3_V1,outlays_tax_credits,5.5665277673252,-0.105474691202133,5.45111444954932,-0.00993862657374223
ai_M_R_S3_V1,revenues_corp_tax,0,0,0,0
ai_M_R_S3_V1,revenues_estate_tax,0,0,0,0
ai_M_R_S3_V1,revenues_vat,0,0,0,0
ai_M_R_S3_V1,revenues_other,0,0,0,0
ai_M_R_S3_V1,total,51.8252224882954,49.4313684315475,101.370448155736,0.113857235893192
ai_R_F_S0_V1,revenues_payroll_tax,84.3801426481075,4.54747350886464e-13,84.3801426481075,-4.54747350886464e-13
ai_R_F_S0_V1,revenues_income_tax,182.306441335671,49.9670222284804,232.798583147319,0.525119583167452
ai_R_F_S0_V1,outlays_tax_credits,-8.58315906978774,-0.106664455840104,-8.67180330909818,0.0180202165296635
ai_R_F_S0_V1,revenues_corp_tax,0,0,0,0
ai_R_F_S0_V1,revenues_estate_tax,0,0,0,0
ai_R_F_S0_V1,revenues_vat,0,0,0,0
ai_R_F_S0_V1,revenues_other,0,0,0,0
ai_R_F_S0_V1,total,275.269743053565,50.0736866843199,325.850529104523,0.507099366637704
ai_R_F_S2_V1,revenues_payroll_tax,136.689589621974,4.54747350886464e-13,136.689589621974,-4.54747350886464e-13
ai_R_F_S2_V1,revenues_income_tax,75.7129799178642,49.9670222284804,126.055395155165,0.375393008820083
ai_R_F_S2_V1,outlays_tax_credits,-22.2765226578629,-0.106664455840104,-22.3375935999672,0.0455935137358381
ai_R_F_S2_V1,revenues_corp_tax,0,0,0,0
ai_R_F_S2_V1,revenues_estate_tax,0,0,0,0
ai_R_F_S2_V1,revenues_vat,0,0,0,0
ai_R_F_S2_V1,revenues_other,0,0,0,0
ai_R_F_S2_V1,total,234.6790921977,50.0736866843199,285.082578377105,0.329799495085354
ai_R_F_S3_V1,revenues_payroll_tax,27.9763294579834,4.54747350886464e-13,27.9763294579834,-4.54747350886464e-13
ai_R_F_S3_V1,revenues_income_tax,298.765638029964,49.9670222284804,349.30274278897,0.570082530525269
ai_R_F_S3_V1,outlays_tax_credits,4.78722665726279,-0.106664455840104,4.67311488757372,-0.00744731384897079
ai_R_F_S3_V1,revenues_corp_tax,0,0,0,0
ai_R_F_S3_V1,revenues_estate_tax,0,0,0,0
ai_R_F_S3_V1,revenues_vat,0,0,0,0
ai_R_F_S3_V1,revenues_other,0,0,0,0
ai_R_F_S3_V1,total,321.954740830684,50.0736866843199,372.605957359378,0.577529844374112
ai_R_R_S0_V1,revenues_payroll_tax,4.87123295222636,4.54747350886464e-13,4.87123295222636,-4.54747350886464e-13
ai_R_R_S0_V1,revenues_income_tax,10.2297515067735,110.444438274796,120.740916836021,0.066727054452258
ai_R_R_S0_V1,outlays_tax_credits,-0.509300104265478,-0.231771761480019,-0.737832220917753,0.00323964482774386
ai_R_R_S0_V1,revenues_corp_tax,0,0,0,0
ai_R_R_S0_V1,revenues_estate_tax,0,0,0,0
ai_R_R_S0_V1,revenues_vat,0,0,0,0
ai_R_R_S0_V1,revenues_other,0,0,0,0
ai_R_R_S0_V1,total,15.6102845632649,110.676210036276,126.349982009165,0.063487409624031
ai_R_R_S2_V1,revenues_payroll_tax,53.5658418148544,4.54747350886464e-13,53.5658418148544,-4.54747350886464e-13
ai_R_R_S2_V1,revenues_income_tax,-90.9264664534344,110.444438274796,19.3167426642071,-0.201229157154103
ai_R_R_S2_V1,outlays_tax_credits,-13.9752118894575,-0.231771761480019,-14.1468765597672,0.0601070911703374
ai_R_R_S2_V1,revenues_corp_tax,0,0,0,0
ai_R_R_S2_V1,revenues_estate_tax,0,0,0,0
ai_R_R_S2_V1,revenues_vat,0,0,0,0
ai_R_R_S2_V1,revenues_other,0,0,0,0
ai_R_R_S2_V1,total,-23.385412749124,110.676210036276,87.0294610388273,-0.261336248324369
ai_R_R_S3_V1,revenues_payroll_tax,-47.985752299868,4.54747350886464e-13,-47.985752299868,-4.54747350886464e-13
ai_R_R_S3_V1,revenues_income_tax,121.185482952924,110.444438274796,231.870770165091,0.240848937370629
ai_R_R_S3_V1,outlays_tax_credits,12.2766907835274,-0.231771761480019,11.9970284572449,-0.047890564802529
ai_R_R_S3_V1,revenues_corp_tax,0,0,0,0
ai_R_R_S3_V1,revenues_estate_tax,0,0,0,0
ai_R_R_S3_V1,revenues_vat,0,0,0,0
ai_R_R_S3_V1,revenues_other,0,0,0,0
ai_R_R_S3_V1,total,60.9230398695281,110.676210036276,171.887989407977,0.288739502173485
ai_S_F_S0_V1,revenues_payroll_tax,7.04610860236153,4.54747350886464e-13,7.04610860236153,-4.54747350886464e-13
ai_S_F_S0_V1,revenues_income_tax,14.8083002817493,4.04909121393166,18.8605689361261,0.00317744044514257
ai_S_F_S0_V1,outlays_tax_credits,-0.735701258171318,-0.0090901482298591,-0.744602729419341,0.000188676981835556
ai_S_F_S0_V1,revenues_corp_tax,0,0,0,0
ai_S_F_S0_V1,revenues_estate_tax,0,0,0,0
ai_S_F_S0_V1,revenues_vat,0,0,0,0
ai_S_F_S0_V1,revenues_other,0,0,0,0
ai_S_F_S0_V1,total,22.5901101422814,4.05818136216112,26.6512802679063,0.0029887634636907
ai_S_F_S2_V1,revenues_payroll_tax,11.2278221321505,4.54747350886464e-13,11.2278221321505,-4.54747350886464e-13
ai_S_F_S2_V1,revenues_income_tax,6.09315636530937,4.04909121393166,10.1457942469178,0.00354666767680101
ai_S_F_S2_V1,outlays_tax_credits,-1.82637118453,-0.0090901482298591,-1.83534477103204,0.000116561727821818
ai_S_F_S2_V1,revenues_corp_tax,0,0,0,0
ai_S_F_S2_V1,revenues_estate_tax,0,0,0,0
ai_S_F_S2_V1,revenues_vat,0,0,0,0
ai_S_F_S2_V1,revenues_other,0,0,0,0
ai_S_F_S2_V1,total,19.147349681989,4.05818136216112,23.2089611500996,0.0034301059495192
ai_S_F_S3_V1,revenues_payroll_tax,2.83612438506179,4.54747350886464e-13,2.83612438506179,-4.54747350886464e-13
ai_S_F_S3_V1,revenues_income_tax,23.5872555908909,4.04909121393166,27.6392065857717,0.00285978094916572
ai_S_F_S3_V1,outlays_tax_credits,0.353277558349475,-0.0090901482298591,0.344349796119772,0.000162386000155834
ai_S_F_S3_V1,revenues_corp_tax,0,0,0,0
ai_S_F_S3_V1,revenues_estate_tax,0,0,0,0
ai_S_F_S3_V1,revenues_vat,0,0,0,0
ai_S_F_S3_V1,revenues_other,0,0,0,0
ai_S_F_S3_V1,total,26.0701024176024,4.05818136216112,30.1309811747133,0.00269739494979149
ai_S_R_S0_V1,revenues_payroll_tax,-3.7673125102699,4.54747350886464e-13,-3.7673125102699,-4.54747350886464e-13
ai_S_R_S0_V1,revenues_income_tax,-7.88556202148857,11.8248375640551,3.93546001088544,-0.00381553168108439
ai_S_R_S0_V1,outlays_tax_credits,0.394625536240952,-0.0258873963490203,0.368722591245188,-1.55486467434685e-05
ai_S_R_S0_V1,revenues_corp_tax,0,0,0,0
ai_S_R_S0_V1,revenues_estate_tax,0,0,0,0
ai_S_R_S0_V1,revenues_vat,0,0,0,0
ai_S_R_S0_V1,revenues_other,0,0,0,0
ai_S_R_S0_V1,total,-12.0475000680008,11.8507249604036,-0.200575090630082,-0.00379998303287721
ai_S_R_S2_V1,revenues_payroll_tax,0.372827705542704,4.54747350886464e-13,0.372827705542704,-4.54747350886464e-13
ai_S_R_S2_V1,revenues_income_tax,-16.5442970440704,11.8248375640551,-4.72220153060562,-0.00274205059031374
ai_S_R_S2_V1,outlays_tax_credits,-0.691619298033686,-0.0258873963490203,-0.717580226326447,-7.35319437410453e-05
ai_S_R_S2_V1,revenues_corp_tax,0,0,0,0
ai_S_R_S2_V1,revenues_estate_tax,0,0,0,0
ai_S_R_S2_V1,revenues_vat,0,0,0,0
ai_S_R_S2_V1,revenues_other,0,0,0,0
ai_S_R_S2_V1,total,-15.4798500404941,11.8507249604036,-3.6317935987372,-0.0026685186467148
ai_S_R_S3_V1,revenues_payroll_tax,-7.93797064299088,4.54747350886464e-13,-7.93797064299088,-4.54747350886464e-13
ai_S_R_S3_V1,revenues_income_tax,0.836950574557704,11.8248375640551,12.6572121884519,-0.00457595016086998
ai_S_R_S3_V1,outlays_tax_credits,1.47923738848614,-0.0258873963490203,1.45311266812115,-0.000237324015969875
ai_S_R_S3_V1,revenues_corp_tax,0,0,0,0
ai_S_R_S3_V1,revenues_estate_tax,0,0,0,0
ai_S_R_S3_V1,revenues_vat,0,0,0,0
ai_S_R_S3_V1,revenues_other,0,0,0,0
ai_S_R_S3_V1,total,-8.58025745691975,11.8507249604036,3.26612887733972,-0.00433862614409009
