scenario_id,variant,variant_label,share_mode,share_mode_label,labor,labor_label,realization,realization_label,instrument,baseline,counterfactual,delta,delta_R_CIT
ai_S_R_S0_V1,S,Slow,R,Reallocate,S0,Proportional,V1,Mechanical,macro_cit_delta,,,8.36632274246801,8.36632274246801
ai_S_R_S0_V1,S,Slow,R,Reallocate,S0,Proportional,V1,Mechanical,outlays_tax_credits,100.96774507013,101.336467661375,0.368722591245188,8.36632274246801
ai_S_R_S0_V1,S,Slow,R,Reallocate,S0,Proportional,V1,Mechanical,revenues_corp_tax,530.244818223809,530.244818223809,0,8.36632274246801
ai_S_R_S0_V1,S,Slow,R,Reallocate,S0,Proportional,V1,Mechanical,revenues_estate_tax,36.166,36.166,0,8.36632274246801
ai_S_R_S0_V1,S,Slow,R,Reallocate,S0,Proportional,V1,Mechanical,revenues_income_tax,3010.43359034049,3014.36905035138,3.93546001088544,8.36632274246801
ai_S_R_S0_V1,S,Slow,R,Reallocate,S0,Proportional,V1,Mechanical,revenues_other,610.957,610.957,0,8.36632274246801
ai_S_R_S0_V1,S,Slow,R,Reallocate,S0,Proportional,V1,Mechanical,revenues_payroll_tax,1970.92352019412,1967.15620768385,-3.7673125102699,8.36632274246801
ai_S_R_S0_V1,S,Slow,R,Reallocate,S0,Proportional,V1,Mechanical,revenues_vat,0,0,0,8.36632274246801
ai_S_R_S0_V1,S,Slow,R,Reallocate,S0,Proportional,V1,Mechanical,total,6057.75718368829,6057.55660859766,-0.200575090630082,8.36632274246801
ai_S_R_S0_V1,S,Slow,R,Reallocate,S0,Proportional,V1,Mechanical,total_capital,,,11.8507249604036,8.36632274246801
ai_S_R_S0_V1,S,Slow,R,Reallocate,S0,Proportional,V1,Mechanical,total_interaction,,,-0.00379998303287721,8.36632274246801
ai_S_R_S0_V1,S,Slow,R,Reallocate,S0,Proportional,V1,Mechanical,total_labor,,,-12.0475000680008,8.36632274246801
ai_S_R_S0_V1,S,Slow,R,Reallocate,S0,Proportional,V1,Mechanical,total_with_macro_cit,,,8.16574765183793,8.36632274246801
ai_S_R_S2_V1,S,Slow,R,Reallocate,S2,Compressive,V1,Mechanical,macro_cit_delta,,,8.36632274246801,8.36632274246801
ai_S_R_S2_V1,S,Slow,R,Reallocate,S2,Compressive,V1,Mechanical,outlays_tax_credits,100.96774507013,100.250164843803,-0.717580226326447,8.36632274246801
ai_S_R_S2_V1,S,Slow,R,Reallocate,S2,Compressive,V1,Mechanical,revenues_corp_tax,530.244818223809,530.244818223809,0,8.36632274246801
ai_S_R_S2_V1,S,Slow,R,Reallocate,S2,Compressive,V1,Mechanical,revenues_estate_tax,36.166,36.166,0,8.36632274246801
ai_S_R_S2_V1,S,Slow,R,Reallocate,S2,Compressive,V1,Mechanical,revenues_income_tax,3010.43359034049,3005.71138880988,-4.72220153060562,8.36632274246801
ai_S_R_S2_V1,S,Slow,R,Reallocate,S2,Compressive,V1,Mechanical,revenues_other,610.957,610.957,0,8.36632274246801
ai_S_R_S2_V1,S,Slow,R,Reallocate,S2,Compressive,V1,Mechanical,revenues_payroll_tax,1970.92352019412,1971.29634789966,0.372827705542704,8.36632274246801
ai_S_R_S2_V1,S,Slow,R,Reallocate,S2,Compressive,V1,Mechanical,revenues_vat,0,0,0,8.36632274246801
ai_S_R_S2_V1,S,Slow,R,Reallocate,S2,Compressive,V1,Mechanical,total,6057.75718368829,6054.12539008955,-3.6317935987372,8.36632274246801
ai_S_R_S2_V1,S,Slow,R,Reallocate,S2,Compressive,V1,Mechanical,total_capital,,,11.8507249604036,8.36632274246801
ai_S_R_S2_V1,S,Slow,R,Reallocate,S2,Compressive,V1,Mechanical,total_interaction,,,-0.0026685186467148,8.36632274246801
ai_S_R_S2_V1,S,Slow,R,Reallocate,S2,Compressive,V1,Mechanical,total_labor,,,-15.4798500404941,8.36632274246801
ai_S_R_S2_V1,S,Slow,R,Reallocate,S2,Compressive,V1,Mechanical,total_with_macro_cit,,,4.73452914373081,8.36632274246801
ai_S_R_S3_V1,S,Slow,R,Reallocate,S3,Expansive,V1,Mechanical,macro_cit_delta,,,8.36632274246801,8.36632274246801
ai_S_R_S3_V1,S,Slow,R,Reallocate,S3,Expansive,V1,Mechanical,outlays_tax_credits,100.96774507013,102.420857738251,1.45311266812115,8.36632274246801
ai_S_R_S3_V1,S,Slow,R,Reallocate,S3,Expansive,V1,Mechanical,revenues_corp_tax,530.244818223809,530.244818223809,0,8.36632274246801
ai_S_R_S3_V1,S,Slow,R,Reallocate,S3,Expansive,V1,Mechanical,revenues_estate_tax,36.166,36.166,0,8.36632274246801
ai_S_R_S3_V1,S,Slow,R,Reallocate,S3,Expansive,V1,Mechanical,revenues_income_tax,3010.43359034049,3023.09080252894,12.6572121884519,8.36632274246801
ai_S_R_S3_V1,S,Slow,R,Reallocate,S3,Expansive,V1,Mechanical,revenues_other,610.957,610.957,0,8.36632274246801
ai_S_R_S3_V1,S,Slow,R,Reallocate,S3,Expansive,V1,Mechanical,revenues_payroll_tax,1970.92352019412,1962.98554955113,-7.93797064299088,8.36632274246801
ai_S_R_S3_V1,S,Slow,R,Reallocate,S3,Expansive,V1,Mechanical,revenues_vat,0,0,0,8.36632274246801
ai_S_R_S3_V1,S,Slow,R,Reallocate,S3,Expansive,V1,Mechanical,total,6057.75718368829,6061.02331256563,3.26612887733972,8.36632274246801
ai_S_R_S3_V1,S,Slow,R,Reallocate,S3,Expansive,V1,Mechanical,total_capital,,,11.8507249604036,8.36632274246801
ai_S_R_S3_V1,S,Slow,R,Reallocate,S3,Expansive,V1,Mechanical,total_interaction,,,-0.00433862614409009,8.36632274246801
ai_S_R_S3_V1,S,Slow,R,Reallocate,S3,Expansive,V1,Mechanical,total_labor,,,-8.58025745691975,8.36632274246801
ai_S_R_S3_V1,S,Slow,R,Reallocate,S3,Expansive,V1,Mechanical,total_with_macro_cit,,,11.6324516198077,8.36632274246801
ai_S_F_S0_V1,S,Slow,F,Fixed share,S0,Proportional,V1,Mechanical,macro_cit_delta,,,2.87244137866278,2.87244137866278
ai_S_F_S0_V1,S,Slow,F,Fixed share,S0,Proportional,V1,Mechanical,outlays_tax_credits,100.96774507013,100.22314234071,-0.744602729419341,2.87244137866278
ai_S_F_S0_V1,S,Slow,F,Fixed share,S0,Proportional,V1,Mechanical,revenues_corp_tax,530.244818223809,530.244818223809,0,2.87244137866278
ai_S_F_S0_V1,S,Slow,F,Fixed share,S0,Proportional,V1,Mechanical,revenues_estate_tax,36.166,36.166,0,2.87244137866278
ai_S_F_S0_V1,S,Slow,F,Fixed share,S0,Proportional,V1,Mechanical,revenues_income_tax,3010.43359034049,3029.29415927662,18.8605689361261,2.87244137866278
ai_S_F_S0_V1,S,Slow,F,Fixed share,S0,Proportional,V1,Mechanical,revenues_other,610.957,610.957,0,2.87244137866278
ai_S_F_S0_V1,S,Slow,F,Fixed share,S0,Proportional,V1,Mechanical,revenues_payroll_tax,1970.92352019412,1977.96962879648,7.04610860236153,2.87244137866278
ai_S_F_S0_V1,S,Slow,F,Fixed share,S0,Proportional,V1,Mechanical,revenues_vat,0,0,0,2.87244137866278
ai_S_F_S0_V1,S,Slow,F,Fixed share,S0,Proportional,V1,Mechanical,total,6057.75718368829,6084.4084639562,26.6512802679063,2.87244137866278
ai_S_F_S0_V1,S,Slow,F,Fixed share,S0,Proportional,V1,Mechanical,total_capital,,,4.05818136216112,2.87244137866278
ai_S_F_S0_V1,S,Slow,F,Fixed share,S0,Proportional,V1,Mechanical,total_interaction,,,0.0029887634636907,2.87244137866278
ai_S_F_S0_V1,S,Slow,F,Fixed share,S0,Proportional,V1,Mechanical,total_labor,,,22.5901101422814,2.87244137866278
ai_S_F_S0_V1,S,Slow,F,Fixed share,S0,Proportional,V1,Mechanical,total_with_macro_cit,,,29.5237216465691,2.87244137866278
ai_S_F_S2_V1,S,Slow,F,Fixed share,S2,Compressive,V1,Mechanical,macro_cit_delta,,,2.87244137866278,2.87244137866278
ai_S_F_S2_V1,S,Slow,F,Fixed share,S2,Compressive,V1,Mechanical,outlays_tax_credits,100.96774507013,99.1324002990977,-1.83534477103204,2.87244137866278
ai_S_F_S2_V1,S,Slow,F,Fixed share,S2,Compressive,V1,Mechanical,revenues_corp_tax,530.244818223809,530.244818223809,0,2.87244137866278
ai_S_F_S2_V1,S,Slow,F,Fixed share,S2,Compressive,V1,Mechanical,revenues_estate_tax,36.166,36.166,0,2.87244137866278
ai_S_F_S2_V1,S,Slow,F,Fixed share,S2,Compressive,V1,Mechanical,revenues_income_tax,3010.43359034049,3020.57938458741,10.1457942469178,2.87244137866278
ai_S_F_S2_V1,S,Slow,F,Fixed share,S2,Compressive,V1,Mechanical,revenues_other,610.957,610.957,0,2.87244137866278
ai_S_F_S2_V1,S,Slow,F,Fixed share,S2,Compressive,V1,Mechanical,revenues_payroll_tax,1970.92352019412,1982.15134232627,11.2278221321505,2.87244137866278
ai_S_F_S2_V1,S,Slow,F,Fixed share,S2,Compressive,V1,Mechanical,revenues_vat,0,0,0,2.87244137866278
ai_S_F_S2_V1,S,Slow,F,Fixed share,S2,Compressive,V1,Mechanical,total,6057.75718368829,6080.96614483839,23.2089611500996,2.87244137866278
ai_S_F_S2_V1,S,Slow,F,Fixed share,S2,Compressive,V1,Mechanical,total_capital,,,4.05818136216112,2.87244137866278
ai_S_F_S2_V1,S,Slow,F,Fixed share,S2,Compressive,V1,Mechanical,total_interaction,,,0.0034301059495192,2.87244137866278
ai_S_F_S2_V1,S,Slow,F,Fixed share,S2,Compressive,V1,Mechanical,total_labor,,,19.147349681989,2.87244137866278
ai_S_F_S2_V1,S,Slow,F,Fixed share,S2,Compressive,V1,Mechanical,total_with_macro_cit,,,26.0814025287624,2.87244137866278
ai_S_F_S3_V1,S,Slow,F,Fixed share,S3,Expansive,V1,Mechanical,macro_cit_delta,,,2.87244137866278,2.87244137866278
ai_S_F_S3_V1,S,Slow,F,Fixed share,S3,Expansive,V1,Mechanical,outlays_tax_credits,100.96774507013,101.312094866249,0.344349796119772,2.87244137866278
ai_S_F_S3_V1,S,Slow,F,Fixed share,S3,Expansive,V1,Mechanical,revenues_corp_tax,530.244818223809,530.244818223809,0,2.87244137866278
ai_S_F_S3_V1,S,Slow,F,Fixed share,S3,Expansive,V1,Mechanical,revenues_estate_tax,36.166,36.166,0,2.87244137866278
ai_S_F_S3_V1,S,Slow,F,Fixed share,S3,Expansive,V1,Mechanical,revenues_income_tax,3010.43359034049,3038.07279692626,27.6392065857717,2.87244137866278
ai_S_F_S3_V1,S,Slow,F,Fixed share,S3,Expansive,V1,Mechanical,revenues_other,610.957,610.957,0,2.87244137866278
ai_S_F_S3_V1,S,Slow,F,Fixed share,S3,Expansive,V1,Mechanical,revenues_payroll_tax,1970.92352019412,1973.75964457918,2.83612438506179,2.87244137866278
ai_S_F_S3_V1,S,Slow,F,Fixed share,S3,Expansive,V1,Mechanical,revenues_vat,0,0,0,2.87244137866278
ai_S_F_S3_V1,S,Slow,F,Fixed share,S3,Expansive,V1,Mechanical,total,6057.75718368829,6087.888164863,30.1309811747133,2.87244137866278
ai_S_F_S3_V1,S,Slow,F,Fixed share,S3,Expansive,V1,Mechanical,total_capital,,,4.05818136216112,2.87244137866278
ai_S_F_S3_V1,S,Slow,F,Fixed share,S3,Expansive,V1,Mechanical,total_interaction,,,0.00269739494979149,2.87244137866278
ai_S_F_S3_V1,S,Slow,F,Fixed share,S3,Expansive,V1,Mechanical,total_labor,,,26.0701024176024,2.87244137866278
ai_S_F_S3_V1,S,Slow,F,Fixed share,S3,Expansive,V1,Mechanical,total_with_macro_cit,,,33.0034225533761,2.87244137866278
ai_M_R_S0_V1,M,Moderate,R,Reallocate,S0,Proportional,V1,Mechanical,macro_cit_delta,,,36.658756959679,36.658756959679
ai_M_R_S0_V1,M,Moderate,R,Reallocate,S0,Proportional,V1,Mechanical,outlays_tax_credits,100.96774507013,100.344407038839,-0.623338031290842,36.658756959679
ai_M_R_S0_V1,M,Moderate,R,Reallocate,S0,Proportional,V1,Mechanical,revenues_corp_tax,530.244818223809,530.244818223809,0,36.658756959679
ai_M_R_S0_V1,M,Moderate,R,Reallocate,S0,Proportional,V1,Mechanical,revenues_estate_tax,36.166,36.166,0,36.658756959679
ai_M_R_S0_V1,M,Moderate,R,Reallocate,S0,Proportional,V1,Mechanical,revenues_income_tax,3010.43359034049,3073.39510856483,62.9615182243424,36.658756959679
ai_M_R_S0_V1,M,Moderate,R,Reallocate,S0,Proportional,V1,Mechanical,revenues_other,610.957,610.957,0,36.658756959679
ai_M_R_S0_V1,M,Moderate,R,Reallocate,S0,Proportional,V1,Mechanical,revenues_payroll_tax,1970.92352019412,1975.83368052646,4.91016033234359,36.658756959679
ai_M_R_S0_V1,M,Moderate,R,Reallocate,S0,Proportional,V1,Mechanical,revenues_vat,0,0,0,36.658756959679
ai_M_R_S0_V1,M,Moderate,R,Reallocate,S0,Proportional,V1,Mechanical,total,6057.75718368829,6126.25220027627,68.4950165879764,36.658756959679
ai_M_R_S0_V1,M,Moderate,R,Reallocate,S0,Proportional,V1,Mechanical,total_capital,,,52.7340772104844,36.658756959679
ai_M_R_S0_V1,M,Moderate,R,Reallocate,S0,Proportional,V1,Mechanical,total_interaction,,,0.0257895279983131,36.658756959679
ai_M_R_S0_V1,M,Moderate,R,Reallocate,S0,Proportional,V1,Mechanical,total_labor,,,15.7351498494936,36.658756959679
ai_M_R_S0_V1,M,Moderate,R,Reallocate,S0,Proportional,V1,Mechanical,total_with_macro_cit,,,105.153773547655,36.658756959679
ai_M_R_S2_V1,M,Moderate,R,Reallocate,S2,Compressive,V1,Mechanical,macro_cit_delta,,,36.658756959679,36.658756959679
ai_M_R_S2_V1,M,Moderate,R,Reallocate,S2,Compressive,V1,Mechanical,outlays_tax_credits,100.96774507013,93.6888221250927,-7.27892294503704,36.658756959679
ai_M_R_S2_V1,M,Moderate,R,Reallocate,S2,Compressive,V1,Mechanical,revenues_corp_tax,530.244818223809,530.244818223809,0,36.658756959679
ai_M_R_S2_V1,M,Moderate,R,Reallocate,S2,Compressive,V1,Mechanical,revenues_estate_tax,36.166,36.166,0,36.658756959679
ai_M_R_S2_V1,M,Moderate,R,Reallocate,S2,Compressive,V1,Mechanical,revenues_income_tax,3010.43359034049,3021.5554073223,11.121816981813,36.658756959679
ai_M_R_S2_V1,M,Moderate,R,Reallocate,S2,Compressive,V1,Mechanical,revenues_other,610.957,610.957,0,36.658756959679
ai_M_R_S2_V1,M,Moderate,R,Reallocate,S2,Compressive,V1,Mechanical,revenues_payroll_tax,1970.92352019412,2000.71159655174,29.7880763576211,36.658756959679
ai_M_R_S2_V1,M,Moderate,R,Reallocate,S2,Compressive,V1,Mechanical,revenues_vat,0,0,0,36.658756959679
ai_M_R_S2_V1,M,Moderate,R,Reallocate,S2,Compressive,V1,Mechanical,total,6057.75718368829,6105.94599997276,48.1888162844707,36.658756959679
ai_M_R_S2_V1,M,Moderate,R,Reallocate,S2,Compressive,V1,Mechanical,total_capital,,,52.7340772104844,36.658756959679
ai_M_R_S2_V1,M,Moderate,R,Reallocate,S2,Compressive,V1,Mechanical,total_interaction,,,-0.0185880125118274,36.658756959679
ai_M_R_S2_V1,M,Moderate,R,Reallocate,S2,Compressive,V1,Mechanical,total_labor,,,-4.5266729135019,36.658756959679
ai_M_R_S2_V1,M,Moderate,R,Reallocate,S2,Compressive,V1,Mechanical,total_with_macro_cit,,,84.8475732441497,36.658756959679
ai_M_R_S3_V1,M,Moderate,R,Reallocate,S3,Expansive,V1,Mechanical,macro_cit_delta,,,36.658756959679,36.658756959679
ai_M_R_S3_V1,M,Moderate,R,Reallocate,S3,Expansive,V1,Mechanical,outlays_tax_credits,100.96774507013,106.858683756629,5.89093868649896,36.658756959679
ai_M_R_S3_V1,M,Moderate,R,Reallocate,S3,Expansive,V1,Mechanical,revenues_corp_tax,530.244818223809,530.244818223809,0,36.658756959679
ai_M_R_S3_V1,M,Moderate,R,Reallocate,S3,Expansive,V1,Mechanical,revenues_estate_tax,36.166,36.166,0,36.658756959679
ai_M_R_S3_V1,M,Moderate,R,Reallocate,S3,Expansive,V1,Mechanical,revenues_income_tax,3010.43359034049,3127.66863442254,117.235044082048,36.658756959679
ai_M_R_S3_V1,M,Moderate,R,Reallocate,S3,Expansive,V1,Mechanical,revenues_other,610.957,610.957,0,36.658756959679
ai_M_R_S3_V1,M,Moderate,R,Reallocate,S3,Expansive,V1,Mechanical,revenues_payroll_tax,1970.92352019412,1949.91516828272,-21.0083519114044,36.658756959679
ai_M_R_S3_V1,M,Moderate,R,Reallocate,S3,Expansive,V1,Mechanical,revenues_vat,0,0,0,36.658756959679
ai_M_R_S3_V1,M,Moderate,R,Reallocate,S3,Expansive,V1,Mechanical,total,6057.75718368829,6148.09293717243,90.3357534841434,36.658756959679
ai_M_R_S3_V1,M,Moderate,R,Reallocate,S3,Expansive,V1,Mechanical,total_capital,,,52.7340772104844,36.658756959679
ai_M_R_S3_V1,M,Moderate,R,Reallocate,S3,Expansive,V1,Mechanical,total_interaction,,,0.091387280644085,36.658756959679
ai_M_R_S3_V1,M,Moderate,R,Reallocate,S3,Expansive,V1,Mechanical,total_labor,,,37.5102889930149,36.658756959679
ai_M_R_S3_V1,M,Moderate,R,Reallocate,S3,Expansive,V1,Mechanical,total_with_macro_cit,,,126.994510443822,36.658756959679
ai_M_F_S0_V1,M,Moderate,F,Fixed share,S0,Proportional,V1,Mechanical,macro_cit_delta,,,17.4236706646258,17.4236706646258
ai_M_F_S0_V1,M,Moderate,F,Fixed share,S0,Proportional,V1,Mechanical,outlays_tax_credits,100.96774507013,96.5413294829025,-4.4264155872272,17.4236706646258
ai_M_F_S0_V1,M,Moderate,F,Fixed share,S0,Proportional,V1,Mechanical,revenues_corp_tax,530.244818223809,530.244818223809,0,17.4236706646258
ai_M_F_S0_V1,M,Moderate,F,Fixed share,S0,Proportional,V1,Mechanical,revenues_estate_tax,36.166,36.166,0,17.4236706646258
ai_M_F_S0_V1,M,Moderate,F,Fixed share,S0,Proportional,V1,Mechanical,revenues_income_tax,3010.43359034049,3125.78463326922,115.351042928733,17.4236706646258
ai_M_F_S0_V1,M,Moderate,F,Fixed share,S0,Proportional,V1,Mechanical,revenues_other,610.957,610.957,0,17.4236706646258
ai_M_F_S0_V1,M,Moderate,F,Fixed share,S0,Proportional,V1,Mechanical,revenues_payroll_tax,1970.92352019412,2013.4138303757,42.4903101815828,17.4236706646258
ai_M_F_S0_V1,M,Moderate,F,Fixed share,S0,Proportional,V1,Mechanical,revenues_vat,0,0,0,17.4236706646258
ai_M_F_S0_V1,M,Moderate,F,Fixed share,S0,Proportional,V1,Mechanical,total,6057.75718368829,6220.02495238583,162.267768697543,17.4236706646258
ai_M_F_S0_V1,M,Moderate,F,Fixed share,S0,Proportional,V1,Mechanical,total_capital,,,24.8277188240136,17.4236706646258
ai_M_F_S0_V1,M,Moderate,F,Fixed share,S0,Proportional,V1,Mechanical,total_interaction,,,0.13719738823329,17.4236706646258
ai_M_F_S0_V1,M,Moderate,F,Fixed share,S0,Proportional,V1,Mechanical,total_labor,,,137.302852485296,17.4236706646258
ai_M_F_S0_V1,M,Moderate,F,Fixed share,S0,Proportional,V1,Mechanical,total_with_macro_cit,,,179.691439362169,17.4236706646258
ai_M_F_S2_V1,M,Moderate,F,Fixed share,S2,Compressive,V1,Mechanical,macro_cit_delta,,,17.4236706646258,17.4236706646258
ai_M_F_S2_V1,M,Moderate,F,Fixed share,S2,Compressive,V1,Mechanical,outlays_tax_credits,100.96774507013,89.7749053330599,-11.1928397370698,17.4236706646258
ai_M_F_S2_V1,M,Moderate,F,Fixed share,S2,Compressive,V1,Mechanical,revenues_corp_tax,530.244818223809,530.244818223809,0,17.4236706646258
ai_M_F_S2_V1,M,Moderate,F,Fixed share,S2,Compressive,V1,Mechanical,revenues_estate_tax,36.166,36.166,0,17.4236706646258
ai_M_F_S2_V1,M,Moderate,F,Fixed share,S2,Compressive,V1,Mechanical,revenues_income_tax,3010.43359034049,3072.68561230794,62.2520219674484,17.4236706646258
ai_M_F_S2_V1,M,Moderate,F,Fixed share,S2,Compressive,V1,Mechanical,revenues_other,610.957,610.957,0,17.4236706646258
ai_M_F_S2_V1,M,Moderate,F,Fixed share,S2,Compressive,V1,Mechanical,revenues_payroll_tax,1970.92352019412,2039.14345249234,68.2199322982249,17.4236706646258
ai_M_F_S2_V1,M,Moderate,F,Fixed share,S2,Compressive,V1,Mechanical,revenues_vat,0,0,0,17.4236706646258
ai_M_F_S2_V1,M,Moderate,F,Fixed share,S2,Compressive,V1,Mechanical,total,6057.75718368829,6199.42197769103,141.664794002742,17.4236706646258
ai_M_F_S2_V1,M,Moderate,F,Fixed share,S2,Compressive,V1,Mechanical,total_capital,,,24.8277188240136,17.4236706646258
ai_M_F_S2_V1,M,Moderate,F,Fixed share,S2,Compressive,V1,Mechanical,total_interaction,,,0.0903582535456735,17.4236706646258
ai_M_F_S2_V1,M,Moderate,F,Fixed share,S2,Compressive,V1,Mechanical,total_labor,,,116.746716925183,17.4236706646258
ai_M_F_S2_V1,M,Moderate,F,Fixed share,S2,Compressive,V1,Mechanical,total_with_macro_cit,,,159.088464667368,17.4236706646258
ai_M_F_S3_V1,M,Moderate,F,Fixed share,S3,Expansive,V1,Mechanical,macro_cit_delta,,,17.4236706646258,17.4236706646258
ai_M_F_S3_V1,M,Moderate,F,Fixed share,S3,Expansive,V1,Mechanical,outlays_tax_credits,100.96774507013,103.175353309979,2.20760823984881,17.4236706646258
ai_M_F_S3_V1,M,Moderate,F,Fixed share,S3,Expansive,V1,Mechanical,revenues_corp_tax,530.244818223809,530.244818223809,0,17.4236706646258
ai_M_F_S3_V1,M,Moderate,F,Fixed share,S3,Expansive,V1,Mechanical,revenues_estate_tax,36.166,36.166,0,17.4236706646258
ai_M_F_S3_V1,M,Moderate,F,Fixed share,S3,Expansive,V1,Mechanical,revenues_income_tax,3010.43359034049,3181.3194935666,170.885903226109,17.4236706646258
ai_M_F_S3_V1,M,Moderate,F,Fixed share,S3,Expansive,V1,Mechanical,revenues_other,610.957,610.957,0,17.4236706646258
ai_M_F_S3_V1,M,Moderate,F,Fixed share,S3,Expansive,V1,Mechanical,revenues_payroll_tax,1970.92352019412,1986.65573803975,15.7322178456257,17.4236706646258
ai_M_F_S3_V1,M,Moderate,F,Fixed share,S3,Expansive,V1,Mechanical,revenues_vat,0,0,0,17.4236706646258
ai_M_F_S3_V1,M,Moderate,F,Fixed share,S3,Expansive,V1,Mechanical,total,6057.75718368829,6242.16769652018,184.410512831886,17.4236706646258
ai_M_F_S3_V1,M,Moderate,F,Fixed share,S3,Expansive,V1,Mechanical,total_capital,,,24.8277188240136,17.4236706646258
ai_M_F_S3_V1,M,Moderate,F,Fixed share,S3,Expansive,V1,Mechanical,total_interaction,,,0.168992247084134,17.4236706646258
ai_M_F_S3_V1,M,Moderate,F,Fixed share,S3,Expansive,V1,Mechanical,total_labor,,,159.413801760788,17.4236706646258
ai_M_F_S3_V1,M,Moderate,F,Fixed share,S3,Expansive,V1,Mechanical,total_with_macro_cit,,,201.834183496512,17.4236706646258
ai_R_R_S0_V1,R,Rapid,R,Reallocate,S0,Proportional,V1,Mechanical,macro_cit_delta,,,84.0011710987443,84.0011710987443
ai_R_R_S0_V1,R,Rapid,R,Reallocate,S0,Proportional,V1,Mechanical,outlays_tax_credits,100.96774507013,101.895654142962,0.927909072832591,84.0011710987443
ai_R_R_S0_V1,R,Rapid,R,Reallocate,S0,Proportional,V1,Mechanical,revenues_corp_tax,530.244818223809,530.244818223809,0,84.0011710987443
ai_R_R_S0_V1,R,Rapid,R,Reallocate,S0,Proportional,V1,Mechanical,revenues_estate_tax,36.166,36.166,0,84.0011710987443
ai_R_R_S0_V1,R,Rapid,R,Reallocate,S0,Proportional,V1,Mechanical,revenues_income_tax,3010.43359034049,3109.39525163244,98.9616612919495,84.0011710987443
ai_R_R_S0_V1,R,Rapid,R,Reallocate,S0,Proportional,V1,Mechanical,revenues_other,610.957,610.957,0,84.0011710987443
ai_R_R_S0_V1,R,Rapid,R,Reallocate,S0,Proportional,V1,Mechanical,revenues_payroll_tax,1970.92352019412,1959.63484992026,-11.2886702738613,84.0011710987443
ai_R_R_S0_V1,R,Rapid,R,Reallocate,S0,Proportional,V1,Mechanical,revenues_vat,0,0,0,84.0011710987443
ai_R_R_S0_V1,R,Rapid,R,Reallocate,S0,Proportional,V1,Mechanical,total,6057.75718368829,6144.50226563354,86.7450819452543,84.0011710987443
ai_R_R_S0_V1,R,Rapid,R,Reallocate,S0,Proportional,V1,Mechanical,total_capital,,,122.932200326053,84.0011710987443
ai_R_R_S0_V1,R,Rapid,R,Reallocate,S0,Proportional,V1,Mechanical,total_interaction,,,-0.155147368337566,84.0011710987443
ai_R_R_S0_V1,R,Rapid,R,Reallocate,S0,Proportional,V1,Mechanical,total_labor,,,-36.0319710124613,84.0011710987443
ai_R_R_S0_V1,R,Rapid,R,Reallocate,S0,Proportional,V1,Mechanical,total_with_macro_cit,,,170.746253043999,84.0011710987443
ai_R_R_S2_V1,R,Rapid,R,Reallocate,S2,Compressive,V1,Mechanical,macro_cit_delta,,,84.0011710987443,84.0011710987443
ai_R_R_S2_V1,R,Rapid,R,Reallocate,S2,Compressive,V1,Mechanical,outlays_tax_credits,100.96774507013,88.5670719690749,-12.4006731010548,84.0011710987443
ai_R_R_S2_V1,R,Rapid,R,Reallocate,S2,Compressive,V1,Mechanical,revenues_corp_tax,530.244818223809,530.244818223809,0,84.0011710987443
ai_R_R_S2_V1,R,Rapid,R,Reallocate,S2,Compressive,V1,Mechanical,revenues_estate_tax,36.166,36.166,0,84.0011710987443
ai_R_R_S2_V1,R,Rapid,R,Reallocate,S2,Compressive,V1,Mechanical,revenues_income_tax,3010.43359034049,3009.05463444814,-1.37895589235222,84.0011710987443
ai_R_R_S2_V1,R,Rapid,R,Reallocate,S2,Compressive,V1,Mechanical,revenues_other,610.957,610.957,0,84.0011710987443
ai_R_R_S2_V1,R,Rapid,R,Reallocate,S2,Compressive,V1,Mechanical,revenues_payroll_tax,1970.92352019412,2007.60451386148,36.6809936673592,84.0011710987443
ai_R_R_S2_V1,R,Rapid,R,Reallocate,S2,Compressive,V1,Mechanical,revenues_vat,0,0,0,84.0011710987443
ai_R_R_S2_V1,R,Rapid,R,Reallocate,S2,Compressive,V1,Mechanical,total,6057.75718368829,6105.45989456435,47.7027108760613,84.0011710987443
ai_R_R_S2_V1,R,Rapid,R,Reallocate,S2,Compressive,V1,Mechanical,total_capital,,,122.932200326053,84.0011710987443
ai_R_R_S2_V1,R,Rapid,R,Reallocate,S2,Compressive,V1,Mechanical,total_interaction,,,-0.504212762140014,84.0011710987443
ai_R_R_S2_V1,R,Rapid,R,Reallocate,S2,Compressive,V1,Mechanical,total_labor,,,-74.7252766878519,84.0011710987443
ai_R_R_S2_V1,R,Rapid,R,Reallocate,S2,Compressive,V1,Mechanical,total_with_macro_cit,,,131.703881974806,84.0011710987443
ai_R_R_S3_V1,R,Rapid,R,Reallocate,S3,Expansive,V1,Mechanical,macro_cit_delta,,,84.0011710987443,84.0011710987443
ai_R_R_S3_V1,R,Rapid,R,Reallocate,S3,Expansive,V1,Mechanical,outlays_tax_credits,100.96774507013,114.468920469056,13.5011753989266,84.0011710987443
ai_R_R_S3_V1,R,Rapid,R,Reallocate,S3,Expansive,V1,Mechanical,revenues_corp_tax,530.244818223809,530.244818223809,0,84.0011710987443
ai_R_R_S3_V1,R,Rapid,R,Reallocate,S3,Expansive,V1,Mechanical,revenues_estate_tax,36.166,36.166,0,84.0011710987443
ai_R_R_S3_V1,R,Rapid,R,Reallocate,S3,Expansive,V1,Mechanical,revenues_income_tax,3010.43359034049,3219.40250129783,208.968910957338,84.0011710987443
ai_R_R_S3_V1,R,Rapid,R,Reallocate,S3,Expansive,V1,Mechanical,revenues_other,610.957,610.957,0,84.0011710987443
ai_R_R_S3_V1,R,Rapid,R,Reallocate,S3,Expansive,V1,Mechanical,revenues_payroll_tax,1970.92352019412,1907.49927360567,-63.4242465884479,84.0011710987443
ai_R_R_S3_V1,R,Rapid,R,Reallocate,S3,Expansive,V1,Mechanical,revenues_vat,0,0,0,84.0011710987443
ai_R_R_S3_V1,R,Rapid,R,Reallocate,S3,Expansive,V1,Mechanical,total,6057.75718368829,6189.80067265825,132.043488969963,84.0011710987443
ai_R_R_S3_V1,R,Rapid,R,Reallocate,S3,Expansive,V1,Mechanical,total_capital,,,122.932200326053,84.0011710987443
ai_R_R_S3_V1,R,Rapid,R,Reallocate,S3,Expansive,V1,Mechanical,total_interaction,,,0.0815239017138083,84.0011710987443
ai_R_R_S3_V1,R,Rapid,R,Reallocate,S3,Expansive,V1,Mechanical,total_labor,,,9.02976474219577,84.0011710987443
ai_R_R_S3_V1,R,Rapid,R,Reallocate,S3,Expansive,V1,Mechanical,total_with_macro_cit,,,216.044660068707,84.0011710987443
ai_R_F_S0_V1,R,Rapid,F,Fixed share,S0,Proportional,V1,Mechanical,macro_cit_delta,,,34.8358011066554,34.8358011066554
ai_R_F_S0_V1,R,Rapid,F,Fixed share,S0,Proportional,V1,Mechanical,outlays_tax_credits,100.96774507013,92.2959417610315,-8.67180330909818,34.8358011066554
ai_R_F_S0_V1,R,Rapid,F,Fixed share,S0,Proportional,V1,Mechanical,revenues_corp_tax,530.244818223809,530.244818223809,0,34.8358011066554
ai_R_F_S0_V1,R,Rapid,F,Fixed share,S0,Proportional,V1,Mechanical,revenues_estate_tax,36.166,36.166,0,34.8358011066554
ai_R_F_S0_V1,R,Rapid,F,Fixed share,S0,Proportional,V1,Mechanical,revenues_income_tax,3010.43359034049,3243.23217348781,232.798583147319,34.8358011066554
ai_R_F_S0_V1,R,Rapid,F,Fixed share,S0,Proportional,V1,Mechanical,revenues_other,610.957,610.957,0,34.8358011066554
ai_R_F_S0_V1,R,Rapid,F,Fixed share,S0,Proportional,V1,Mechanical,revenues_payroll_tax,1970.92352019412,2055.30366284223,84.3801426481075,34.8358011066554
ai_R_F_S0_V1,R,Rapid,F,Fixed share,S0,Proportional,V1,Mechanical,revenues_vat,0,0,0,34.8358011066554
ai_R_F_S0_V1,R,Rapid,F,Fixed share,S0,Proportional,V1,Mechanical,total,6057.75718368829,6383.60771279281,325.850529104523,34.8358011066554
ai_R_F_S0_V1,R,Rapid,F,Fixed share,S0,Proportional,V1,Mechanical,total_capital,,,50.0736866843199,34.8358011066554
ai_R_F_S0_V1,R,Rapid,F,Fixed share,S0,Proportional,V1,Mechanical,total_interaction,,,0.507099366637704,34.8358011066554
ai_R_F_S0_V1,R,Rapid,F,Fixed share,S0,Proportional,V1,Mechanical,total_labor,,,275.269743053565,34.8358011066554
ai_R_F_S0_V1,R,Rapid,F,Fixed share,S0,Proportional,V1,Mechanical,total_with_macro_cit,,,360.686330211178,34.8358011066554
ai_R_F_S2_V1,R,Rapid,F,Fixed share,S2,Compressive,V1,Mechanical,macro_cit_delta,,,34.8358011066554,34.8358011066554
ai_R_F_S2_V1,R,Rapid,F,Fixed share,S2,Compressive,V1,Mechanical,outlays_tax_credits,100.96774507013,78.6301514701625,-22.3375935999672,34.8358011066554
ai_R_F_S2_V1,R,Rapid,F,Fixed share,S2,Compressive,V1,Mechanical,revenues_corp_tax,530.244818223809,530.244818223809,0,34.8358011066554
ai_R_F_S2_V1,R,Rapid,F,Fixed share,S2,Compressive,V1,Mechanical,revenues_estate_tax,36.166,36.166,0,34.8358011066554
ai_R_F_S2_V1,R,Rapid,F,Fixed share,S2,Compressive,V1,Mechanical,revenues_income_tax,3010.43359034049,3136.48898549565,126.055395155165,34.8358011066554
ai_R_F_S2_V1,R,Rapid,F,Fixed share,S2,Compressive,V1,Mechanical,revenues_other,610.957,610.957,0,34.8358011066554
ai_R_F_S2_V1,R,Rapid,F,Fixed share,S2,Compressive,V1,Mechanical,revenues_payroll_tax,1970.92352019412,2107.61310981609,136.689589621974,34.8358011066554
ai_R_F_S2_V1,R,Rapid,F,Fixed share,S2,Compressive,V1,Mechanical,revenues_vat,0,0,0,34.8358011066554
ai_R_F_S2_V1,R,Rapid,F,Fixed share,S2,Compressive,V1,Mechanical,total,6057.75718368829,6342.83976206539,285.082578377105,34.8358011066554
ai_R_F_S2_V1,R,Rapid,F,Fixed share,S2,Compressive,V1,Mechanical,total_capital,,,50.0736866843199,34.8358011066554
ai_R_F_S2_V1,R,Rapid,F,Fixed share,S2,Compressive,V1,Mechanical,total_interaction,,,0.329799495085354,34.8358011066554
ai_R_F_S2_V1,R,Rapid,F,Fixed share,S2,Compressive,V1,Mechanical,total_labor,,,234.6790921977,34.8358011066554
ai_R_F_S2_V1,R,Rapid,F,Fixed share,S2,Compressive,V1,Mechanical,total_with_macro_cit,,,319.91837948376,34.8358011066554
ai_R_F_S3_V1,R,Rapid,F,Fixed share,S3,Expansive,V1,Mechanical,macro_cit_delta,,,34.8358011066554,34.8358011066554
ai_R_F_S3_V1,R,Rapid,F,Fixed share,S3,Expansive,V1,Mechanical,outlays_tax_credits,100.96774507013,105.640859957703,4.67311488757372,34.8358011066554
ai_R_F_S3_V1,R,Rapid,F,Fixed share,S3,Expansive,V1,Mechanical,revenues_corp_tax,530.244818223809,530.244818223809,0,34.8358011066554
ai_R_F_S3_V1,R,Rapid,F,Fixed share,S3,Expansive,V1,Mechanical,revenues_estate_tax,36.166,36.166,0,34.8358011066554
ai_R_F_S3_V1,R,Rapid,F,Fixed share,S3,Expansive,V1,Mechanical,revenues_income_tax,3010.43359034049,3359.73633312946,349.30274278897,34.8358011066554
ai_R_F_S3_V1,R,Rapid,F,Fixed share,S3,Expansive,V1,Mechanical,revenues_other,610.957,610.957,0,34.8358011066554
ai_R_F_S3_V1,R,Rapid,F,Fixed share,S3,Expansive,V1,Mechanical,revenues_payroll_tax,1970.92352019412,1998.8998496521,27.9763294579834,34.8358011066554
ai_R_F_S3_V1,R,Rapid,F,Fixed share,S3,Expansive,V1,Mechanical,revenues_vat,0,0,0,34.8358011066554
ai_R_F_S3_V1,R,Rapid,F,Fixed share,S3,Expansive,V1,Mechanical,total,6057.75718368829,6430.36314104767,372.605957359378,34.8358011066554
ai_R_F_S3_V1,R,Rapid,F,Fixed share,S3,Expansive,V1,Mechanical,total_capital,,,50.0736866843199,34.8358011066554
ai_R_F_S3_V1,R,Rapid,F,Fixed share,S3,Expansive,V1,Mechanical,total_interaction,,,0.577529844374112,34.8358011066554
ai_R_F_S3_V1,R,Rapid,F,Fixed share,S3,Expansive,V1,Mechanical,total_labor,,,321.954740830684,34.8358011066554
ai_R_F_S3_V1,R,Rapid,F,Fixed share,S3,Expansive,V1,Mechanical,total_with_macro_cit,,,407.441758466034,34.8358011066554
