scenario_id,variant,variant_label,share_mode,share_mode_label,labor,labor_label,realization,realization_label,g_y,baseline_revenue_B,scenario_revenue_B,baseline_gdp_B,scenario_gdp_B,baseline_rev_to_gdp,scenario_rev_to_gdp,delta_rev_to_gdp,baseline_revenue_B_cbo,scenario_revenue_B_cbo,baseline_rev_to_gdp_cbo,scenario_rev_to_gdp_cbo,delta_rev_to_gdp_cbo
ai_M_F_S0_V1,M,Moderate,F,Fixed share,S0,Proportional,V1,Mechanical,0.0358450525211245,6057.75718368829,6237.44862305046,37391,38731.2823588174,0.162011103840183,0.161044206212048,-0.000966897628134788,6618.207,6797.89843936217,0.177,0.175514416909426,-0.00148558309057403
ai_M_F_S2_V1,M,Moderate,F,Fixed share,S2,Compressive,V1,Mechanical,0.0358450525211245,6057.75718368829,6216.84564835566,37391,38731.2823588174,0.162011103840183,0.160512259593191,-0.00149884424699259,6618.207,6777.29546466737,0.177,0.174982470290568,-0.00201752970943184
ai_M_F_S3_V1,M,Moderate,F,Fixed share,S3,Expansive,V1,Mechanical,0.0358450525211245,6057.75718368829,6259.59136718481,37391,38731.2823588174,0.162011103840183,0.161615908019626,-0.000395195820556776,6618.207,6820.04118349652,0.177,0.176086118717004,-0.000913881282996021
ai_M_R_S0_V1,M,Moderate,R,Reallocate,S0,Proportional,V1,Mechanical,0.0358450525211245,6057.75718368829,6162.91095723595,37391,38731.2823588174,0.162011103840183,0.159119723951844,-0.00289137988833907,6618.207,6723.36077354766,0.177,0.173589934649222,-0.00341006535077831
ai_M_R_S2_V1,M,Moderate,R,Reallocate,S2,Compressive,V1,Mechanical,0.0358450525211245,6057.75718368829,6142.60475693244,37391,38731.2823588174,0.162011103840183,0.158595439728167,-0.00341566411201616,6618.207,6703.05457324415,0.177,0.173065650425545,-0.0039343495744554
ai_M_R_S3_V1,M,Moderate,R,Reallocate,S3,Expansive,V1,Mechanical,0.0358450525211245,6057.75718368829,6184.75169413211,37391,38731.2823588174,0.162011103840183,0.15968362825777,-0.00232747558241342,6618.207,6745.20151044382,0.177,0.174153838955147,-0.00284616104485266
ai_R_F_S0_V1,R,Rapid,F,Fixed share,S0,Proportional,V1,Mechanical,0.0716663637828425,6057.75718368829,6418.44351389947,37391,40070.6770082043,0.162011103840183,0.160178065186803,-0.0018330386533803,6618.207,6978.89333021118,0.177,0.174164597438229,-0.00283540256177145
ai_R_F_S2_V1,R,Rapid,F,Fixed share,S2,Compressive,V1,Mechanical,0.0716663637828425,6057.75718368829,6377.67556317205,37391,40070.6770082043,0.162011103840183,0.159160664090259,-0.00285043974992463,6618.207,6938.12537948376,0.177,0.173147196341684,-0.00385280365831578
ai_R_F_S3_V1,R,Rapid,F,Fixed share,S3,Expansive,V1,Mechanical,0.0716663637828425,6057.75718368829,6465.19894215433,37391,40070.6770082043,0.162011103840183,0.161344889202411,-0.000666214637771917,6618.207,7025.64875846604,0.177,0.175331421453837,-0.00166857854616306
ai_R_R_S0_V1,R,Rapid,R,Reallocate,S0,Proportional,V1,Mechanical,0.0716663637828425,6057.75718368829,6228.50343673229,37391,40070.6770082043,0.162011103840183,0.155437938706577,-0.00657316513360653,6618.207,6788.953253044,0.177,0.169424470958002,-0.00757552904199768
ai_R_R_S2_V1,R,Rapid,R,Reallocate,S2,Compressive,V1,Mechanical,0.0716663637828425,6057.75718368829,6189.4610656631,37391,40070.6770082043,0.162011103840183,0.154463601011678,-0.00754750282850489,6618.207,6749.9108819748,0.177,0.168450133263104,-0.00854986673689603
ai_R_R_S3_V1,R,Rapid,R,Reallocate,S3,Expansive,V1,Mechanical,0.0716663637828425,6057.75718368829,6273.801843757,37391,40070.6770082043,0.162011103840183,0.156568401439099,-0.00544270240108433,6618.207,6834.2516600687,0.177,0.170554933690525,-0.00644506630947547
ai_S_F_S0_V1,S,Slow,F,Fixed share,S0,Proportional,V1,Mechanical,0.00590936399475561,6057.75718368829,6087.28090533486,37391,37611.9570291279,0.162011103840183,0.161844301284846,-0.000166802555337076,6618.207,6647.73072164657,0.177,0.17674514294745,-0.000254857052549629
ai_S_F_S2_V1,S,Slow,F,Fixed share,S2,Compressive,V1,Mechanical,0.00590936399475561,6057.75718368829,6083.83858621705,37391,37611.9570291279,0.162011103840183,0.161752779349012,-0.000258324491171025,6618.207,6644.28840252876,0.177,0.176653621011616,-0.000346378988383578
ai_S_F_S3_V1,S,Slow,F,Fixed share,S3,Expansive,V1,Mechanical,0.00590936399475561,6057.75718368829,6090.76060624166,37391,37611.9570291279,0.162011103840183,0.161936817101136,-7.42867390474411e-05,6618.207,6651.21042255337,0.177,0.17683765876374,-0.000162341236259994
ai_S_R_S0_V1,S,Slow,R,Reallocate,S0,Proportional,V1,Mechanical,0.00590936399475561,6057.75718368829,6065.92293134013,37391,37611.9570291279,0.162011103840183,0.161276450641547,-0.000734653198636359,6618.207,6626.37274765184,0.177,0.176177292304151,-0.000822707695848912
ai_S_R_S2_V1,S,Slow,R,Reallocate,S2,Compressive,V1,Mechanical,0.00590936399475561,6057.75718368829,6062.49171283202,37391,37611.9570291279,0.162011103840183,0.161185223840839,-0.00082587999934372,6618.207,6622.94152914373,0.177,0.176086065503444,-0.000913934496556274
ai_S_R_S3_V1,S,Slow,R,Reallocate,S3,Expansive,V1,Mechanical,0.00590936399475561,6057.75718368829,6069.3896353081,37391,37611.9570291279,0.162011103840183,0.161368620904458,-0.000642482935725414,6618.207,6629.83945161981,0.177,0.176269462567062,-0.000730537432937967
