variant,variant_label,labor,labor_label,realization,realization_label,scenario_id_reallocate,scenario_id_fixed,total_R,total_F,reallocation_delta,reallocation_share
S,Slow,S0,Proportional,V1,Mechanical,ai_S_R_S0_V1,ai_S_F_S0_V1,8.16574765183793,29.5237216465691,-21.3579739947312,-2.61555645672248
S,Slow,S2,Compressive,V1,Mechanical,ai_S_R_S2_V1,ai_S_F_S2_V1,4.73452914373081,26.0814025287624,-21.3468733850316,-4.50876375178678
S,Slow,S3,Expansive,V1,Mechanical,ai_S_R_S3_V1,ai_S_F_S3_V1,11.6324516198077,33.0034225533761,-21.3709709335684,-1.83718545600292
M,Moderate,S0,Proportional,V1,Mechanical,ai_M_R_S0_V1,ai_M_F_S0_V1,105.153773547655,179.691439362169,-74.5376658145134,-0.708844421838396
M,Moderate,S2,Compressive,V1,Mechanical,ai_M_R_S2_V1,ai_M_F_S2_V1,84.8475732441497,159.088464667368,-74.2408914232181,-0.8749913354574
M,Moderate,S3,Expansive,V1,Mechanical,ai_M_R_S3_V1,ai_M_F_S3_V1,126.994510443822,201.834183496512,-74.8396730526894,-0.589314237214967
R,Rapid,S0,Proportional,V1,Mechanical,ai_R_R_S0_V1,ai_R_F_S0_V1,170.746253043999,360.686330211178,-189.94007716718,-1.1124113928183
R,Rapid,S2,Compressive,V1,Mechanical,ai_R_R_S2_V1,ai_R_F_S2_V1,131.703881974806,319.91837948376,-188.214497508955,-1.42907327169718
R,Rapid,S3,Expansive,V1,Mechanical,ai_R_R_S3_V1,ai_R_F_S3_V1,216.044660068707,407.441758466034,-191.397098397326,-0.885914506456477
