variant,share_mode,labor_scenario,theta_0_L,theta_0_K,theta_1_L,theta_1_K,g_y,g_k,g_l,lambda,y0_l_B,y1_l_B,y0_k_B,y1_k_B,X_B,X_to_units_B,kappa_corp,cit_statutory,eta_corp,delta_R_CIT_B
S,R,S0,0.555,0.445,0.55,0.45,0.00590936399475561,0.0172117163991912,-0.00315288252771963,,15586.3403299506,15537.1984298532,4510.80208758196,4588.4407338463,77.6386462643399,77.6386462643399,0.5,0.21,0.992226783029583,8.21592200208995
S,R,S2,0.555,0.445,0.55,0.45,0.00590936399475561,0.0172117163991912,-0.00315288252771963,0.994090636005244,15586.3403299506,15537.1984298532,4510.80208758196,4588.4407338463,77.6386462643399,77.6386462643399,0.5,0.21,0.992226783029583,8.21592200208995
S,R,S3,0.555,0.445,0.55,0.45,0.00590936399475561,0.0172117163991912,-0.00315288252771963,1.00590936399476,15586.3403299506,15537.1984298532,4510.80208758196,4588.4407338463,77.6386462643399,77.6386462643399,0.5,0.21,0.992226783029583,8.21592200208995
M,R,S0,0.555,0.445,0.538,0.462,0.0358450525211245,0.0754166612691227,0.00411646532678367,,15586.3403299506,15650.5009594903,4510.80208758196,4850.99172067318,340.189633091221,340.189633091221,0.5,0.21,0.992226783029583,35.9997453057193
M,R,S2,0.555,0.445,0.538,0.462,0.0358450525211245,0.0754166612691227,0.00411646532678367,0.964154947478876,15586.3403299506,15650.5009594903,4510.80208758196,4850.99172067318,340.189633091221,340.189633091221,0.5,0.21,0.992226783029583,35.9997453057193
M,R,S3,0.555,0.445,0.538,0.462,0.0358450525211245,0.0754166612691227,0.00411646532678367,1.03584505252112,15586.3403299506,15650.5009594903,4510.80208758196,4850.99172067318,340.189633091221,340.189633091221,0.5,0.21,0.992226783029583,35.9997453057193
R,R,S0,0.555,0.445,0.513,0.487,0.0716663637828425,0.172812402611785,-0.00943271239531852,,15586.3403299506,15439.3188643226,4510.80208758196,5290.32463404325,779.522546461294,779.522546461294,0.5,0.21,0.992226783029583,82.4910885075308
R,R,S2,0.555,0.445,0.513,0.487,0.0716663637828425,0.172812402611785,-0.00943271239531852,0.928333636217157,15586.3403299506,15439.3188643226,4510.80208758196,5290.32463404325,779.522546461294,779.522546461294,0.5,0.21,0.992226783029583,82.4910885075308
R,R,S3,0.555,0.445,0.513,0.487,0.0716663637828425,0.172812402611785,-0.00943271239531852,1.07166636378284,15586.3403299506,15439.3188643226,4510.80208758196,5290.32463404325,779.522546461294,779.522546461294,0.5,0.21,0.992226783029583,82.4910885075308
S,F,S0,0.555,0.445,0.555,0.445,0.00590936399475561,0.00590936399475563,0.0059093639947557,,15586.3403299506,15678.4456883064,4510.80208758196,4537.45805902578,26.6559714438252,26.6559714438252,0.5,0.21,0.992226783029583,2.82080372095559
S,F,S2,0.555,0.445,0.555,0.445,0.00590936399475561,0.00590936399475563,0.0059093639947557,0.994090636005244,15586.3403299506,15678.4456883064,4510.80208758196,4537.45805902578,26.6559714438252,26.6559714438252,0.5,0.21,0.992226783029583,2.82080372095559
S,F,S3,0.555,0.445,0.555,0.445,0.00590936399475561,0.00590936399475563,0.0059093639947557,1.00590936399476,15586.3403299506,15678.4456883064,4510.80208758196,4537.45805902578,26.6559714438252,26.6559714438252,0.5,0.21,0.992226783029583,2.82080372095559
M,F,S0,0.555,0.445,0.555,0.445,0.0358450525211245,0.0358450525211244,0.0358450525211244,,15586.3403299506,16145.0335176898,4510.80208758196,4672.49202532373,161.689937741773,161.689937741773,0.5,0.21,0.992226783029583,17.1104466773702
M,F,S2,0.555,0.445,0.555,0.445,0.0358450525211245,0.0358450525211244,0.0358450525211244,0.964154947478876,15586.3403299506,16145.0335176898,4510.80208758196,4672.49202532373,161.689937741773,161.689937741773,0.5,0.21,0.992226783029583,17.1104466773702
M,F,S3,0.555,0.445,0.555,0.445,0.0358450525211245,0.0358450525211244,0.0358450525211244,1.03584505252112,15586.3403299506,16145.0335176898,4510.80208758196,4672.49202532373,161.689937741773,161.689937741773,0.5,0.21,0.992226783029583,17.1104466773702
R,F,S0,0.555,0.445,0.555,0.445,0.0716663637828425,0.0716663637828425,0.0716663637828425,,15586.3403299506,16703.3566660801,4510.80208758196,4834.07487094301,323.272783361054,323.272783361054,0.5,0.21,0.992226783029583,34.2095605898381
R,F,S2,0.555,0.445,0.555,0.445,0.0716663637828425,0.0716663637828425,0.0716663637828425,0.928333636217157,15586.3403299506,16703.3566660801,4510.80208758196,4834.07487094301,323.272783361054,323.272783361054,0.5,0.21,0.992226783029583,34.2095605898381
R,F,S3,0.555,0.445,0.555,0.445,0.0716663637828425,0.0716663637828425,0.0716663637828425,1.07166636378284,15586.3403299506,16703.3566660801,4510.80208758196,4834.07487094301,323.272783361054,323.272783361054,0.5,0.21,0.992226783029583,34.2095605898381
