Figure A4. The debt-to-GDP ratio falls more when AI adoption is faster,,,,,,,,,,,,,,,,,,,
,,,,,,,,,,,,,,,,,,,
Notes: Per-scenario 2030 debt/GDP from the Budget Lab Small Macro Model (BLSMM).,,,,,,,,,,,,,,,,,,,
"Source: The Budget Lab at Yale AI-Fiscal microsimulation model, FY 2030.",,,,,,,,,,,,,,,,,,,
,,,,,,,,,,,,,,,,,,,
Scenario.ID,Variant,AI.Adoption,Share.Mode,Share.Mode.(label),Labor,Labor.Scenario,Realization,AI.GDP.CAGR.Target,Δ.Revenue-to-GDP.vs.CBO.(pp),Productivity.Bump.(pp/yr),GDP.Growth.g*.(%),Annualized.Growth.(2025–Year),Real.GDP.Growth.(Year),Federal.Revenue.Path.rgfr*.(%),rgfop*.(%),Debt.($B),Nominal.GDP.($B),Debt-to-GDP.(%),Δ.Debt-to-GDP.vs.Baseline.(pp)
blsmm_baseline,,,,,,,,,0,0,2.05628646645455,0.0192829240109289,0.0181200848684659,17.6430302673608,19.7002691264359,40202.2691888061,37445.0828604847,107.36328008298,0
ai_M_F_S0_V1,M,Moderate,F,Fixed share,S0,Proportional,V1,0.026,-0.148558309057403,0.683660008499217,2.74322307232682,0.0259999999925518,0.0251915636891986,17.4944719583034,19.0740365586506,39889.4428134478,38666.9803218121,103.161515281156,-4.20176480182364
ai_M_F_S2_V1,M,Moderate,F,Fixed share,S2,Compressive,V1,0.026,-0.201752970943184,0.682857390632746,2.74241660773014,0.0259999999790508,0.025167981776919,17.4412772964176,19.0747717566163,39956.2480542827,38670.5898664454,103.324640747083,-4.03863933589642
ai_M_F_S3_V1,M,Moderate,F,Fixed share,S3,Expansive,V1,0.026,-0.0913881282996021,0.684522650605378,2.74408984884307,0.026000000008817,0.0252169107027416,17.5516421390612,19.0732463784814,39817.6577279583,38663.1012949494,102.986197160443,-4.3770829225371
ai_M_R_S0_V1,M,Moderate,R,Reallocate,S0,Proportional,V1,0.026,-0.341006535077831,0.680756477697625,2.74030562568799,0.0259999999844491,0.0251062596763245,17.302023732283,19.0766961928649,40131.1862089296,38680.0402145173,103.751666198805,-3.61161388417453
ai_M_R_S2_V1,M,Moderate,R,Reallocate,S2,Compressive,V1,0.026,-0.39343495744554,0.679965559137567,2.73951091646933,0.025999999993833,0.0250830258410366,17.2495953099153,19.0774206742659,40197.0702416694,38683.5986842421,103.912437334957,-3.45084274802267
ai_M_R_S3_V1,M,Moderate,R,Reallocate,S3,Expansive,V1,0.026,-0.284616104485266,0.681607207302063,2.74116043260915,0.0260000000040048,0.0251312519632405,17.3584141628755,19.0759169245472,40060.3358463092,38676.2131084794,103.578744211455,-3.7845358715247
ai_R_F_S0_V1,R,Rapid,F,Fixed share,S0,Proportional,V1,0.033,-0.283540256177145,1.39662743424176,3.45960755796053,0.0330000000117017,0.0325754763608046,17.3594900111837,18.4209583966705,39513.8980566219,39972.2645009952,98.853288773865,-8.50999130911495
ai_R_F_S2_V1,R,Rapid,F,Fixed share,S2,Compressive,V1,0.033,-0.385280365831578,1.39508028750381,3.45805299616704,0.0329999999996382,0.0325299861026989,17.2577499015292,18.4223755830824,39644.7519768505,39979.4035623777,99.1629400248429,-8.20034005813699
ai_R_F_S3_V1,R,Rapid,F,Fixed share,S3,Expansive,V1,0.033,-0.166857854616306,1.39840198010221,3.46139060873896,0.0330000000049406,0.0326276584589438,17.4761724127445,18.4193329126623,39363.8791656078,39964.0781350212,98.4981538485999,-8.86512623438001
ai_R_R_S0_V1,R,Rapid,R,Reallocate,S0,Proportional,V1,0.033,-0.757552904199768,1.38942041792633,3.45236600036662,0.033000000005794,0.0323636079372183,16.885477363161,18.4275600236154,40123.9219589833,40005.5340988797,100.295928707791,-7.06735137518913
ai_R_R_S2_V1,R,Rapid,R,Reallocate,S2,Compressive,V1,0.033,-0.854986673689603,1.3879393895631,3.45087787383533,0.03300000000106,0.032320081334005,16.7880435936712,18.4289166455961,40249.4292790266,40012.3753197882,100.592451603645,-6.77082847933534
ai_R_R_S3_V1,R,Rapid,R,Reallocate,S3,Expansive,V1,0.033,-0.644506630947547,1.39113892291695,3.45409274168651,0.0330000000329154,0.0324141190847596,16.9985236364132,18.425985873044,39978.3534254477,39997.5977837826,99.9518862146699,-7.41139386831006
ai_S_F_S0_V1,S,Slow,F,Fixed share,S0,Proportional,V1,0.02,-0.0254857052549629,0.07282989908791,2.12946541953578,0.0199999999856091,0.0188705028858045,17.6175445621058,19.6335569388714,40181.7693932306,37574.6852115126,106.938405916224,-0.424874166756325
ai_S_F_S2_V1,S,Slow,F,Fixed share,S2,Compressive,V1,0.02,-0.0346378988383578,0.0726927356922062,2.12932759875306,0.0200000000002583,0.0188664753834344,17.6083923685224,19.6336825805419,40193.0299894161,37575.2885179576,106.966657009719,-0.396623073260784
ai_S_F_S3_V1,S,Slow,F,Fixed share,S3,Expansive,V1,0.02,-0.0162341236259994,0.0729685533773562,2.1296047383577,0.0199999999946143,0.0188745743566012,17.6267961437348,19.6334299315423,40170.3868449224,37574.0753540371,106.909847990727,-0.453432092252598
ai_S_R_S0_V1,S,Slow,R,Reallocate,S0,Proportional,V1,0.02,-0.0822707695848912,0.0719788820351838,2.12861032378866,0.0199999999895371,0.0188455148203448,17.5607594977759,19.6343364704917,40251.6415476907,37578.4285916403,107.113690104235,-0.249589978745206
ai_S_R_S2_V1,S,Slow,R,Reallocate,S2,Compressive,V1,0.02,-0.0913934496556274,0.0718421678274633,2.12847295434675,0.0199999999835945,0.0188415006548048,17.5516368177052,19.634461700706,40262.867909424,37579.0300044955,107.141849868417,-0.221430214562915
ai_S_R_S3_V1,S,Slow,R,Reallocate,S3,Expansive,V1,0.02,-0.0730537432937967,0.0721170116787752,2.12874911545025,0.0200000000202882,0.0188495706886871,17.569976524067,19.6342099437382,40240.2994200197,37577.8209683877,107.085239066607,-0.278041016372569
