Title:,Concentration.shift.at.the.top,X3,X4,X5,X6,X7,X8,X9,X10,X11,X12,X13,X14
Subtitle:,"Change in income share held by top groups, FY 2030 (pp). Realization: Mechanical.",,,,,,,,,,,,
Notes:,"Source: The Budget Lab at Yale AI-Fiscal microsimulation model, FY 2030.",,,,,,,,,,,,
,,,,,,,,,,,,,
scenario_id,variant,variant_label,labor,labor_label,realization,realization_label,income_concept,group_type,group,share_baseline,share_cf,delta,group_label
ai_M_R_S0_V1,M,Moderate,S0,Proportional,V1,Mechanical,aftertax,top,top_0.1_pct,0.0829116119121286,0.0828914733847102,-0.0000201385274184451,Top 0.1%
ai_M_R_S0_V1,M,Moderate,S0,Proportional,V1,Mechanical,aftertax,top,top_10_pct,0.437743902133577,0.440038473252487,0.00229457111890941,Top 10%
ai_M_R_S0_V1,M,Moderate,S0,Proportional,V1,Mechanical,aftertax,top,top_1_pct,0.178555084770619,0.179180253681046,0.000625168910426521,Top 1%
ai_M_R_S0_V1,M,Moderate,S0,Proportional,V1,Mechanical,aftertax,top,top_5_pct,0.327711918281267,0.329564539915399,0.00185262163413213,Top 5%
ai_M_R_S0_V1,M,Moderate,S0,Proportional,V1,Mechanical,pretax,top,top_0.1_pct,0.0983158933105191,0.0981829483636263,-0.000132944946892755,Top 0.1%
ai_M_R_S0_V1,M,Moderate,S0,Proportional,V1,Mechanical,pretax,top,top_10_pct,0.473016346433154,0.475348537939228,0.002332191506074,Top 10%
ai_M_R_S0_V1,M,Moderate,S0,Proportional,V1,Mechanical,pretax,top,top_1_pct,0.205513514569439,0.206113033877239,0.000599519307799223,Top 1%
ai_M_R_S0_V1,M,Moderate,S0,Proportional,V1,Mechanical,pretax,top,top_5_pct,0.361808605653322,0.363669456028412,0.00186085037508998,Top 5%
ai_M_R_S2_V1,M,Moderate,S2,Compressive,V1,Mechanical,aftertax,top,top_0.1_pct,0.0829116119121286,0.0792504262698834,-0.00366118564224516,Top 0.1%
ai_M_R_S2_V1,M,Moderate,S2,Compressive,V1,Mechanical,aftertax,top,top_10_pct,0.437743902133577,0.430103480351365,-0.00764042178221225,Top 10%
ai_M_R_S2_V1,M,Moderate,S2,Compressive,V1,Mechanical,aftertax,top,top_1_pct,0.178555084770619,0.172386097991648,-0.00616898677897104,Top 1%
ai_M_R_S2_V1,M,Moderate,S2,Compressive,V1,Mechanical,aftertax,top,top_5_pct,0.327711918281267,0.320211066427573,-0.00750085185369376,Top 5%
ai_M_R_S2_V1,M,Moderate,S2,Compressive,V1,Mechanical,pretax,top,top_0.1_pct,0.0983158933105191,0.0934584702915069,-0.00485742301901215,Top 0.1%
ai_M_R_S2_V1,M,Moderate,S2,Compressive,V1,Mechanical,pretax,top,top_10_pct,0.473016346433154,0.463690842297772,-0.00932550413538247,Top 10%
ai_M_R_S2_V1,M,Moderate,S2,Compressive,V1,Mechanical,pretax,top,top_1_pct,0.205513514569439,0.19742545087981,-0.00808806368962967,Top 1%
ai_M_R_S2_V1,M,Moderate,S2,Compressive,V1,Mechanical,pretax,top,top_5_pct,0.361808605653322,0.352344049425035,-0.00946455622828635,Top 5%
ai_M_R_S3_V1,M,Moderate,S3,Expansive,V1,Mechanical,aftertax,top,top_0.1_pct,0.0829116119121286,0.08703980343356,0.0041281915214314,Top 0.1%
ai_M_R_S3_V1,M,Moderate,S3,Expansive,V1,Mechanical,aftertax,top,top_10_pct,0.437743902133577,0.450266053283682,0.0125221511501046,Top 10%
ai_M_R_S3_V1,M,Moderate,S3,Expansive,V1,Mechanical,aftertax,top,top_1_pct,0.178555084770619,0.186576084185184,0.00802099941456458,Top 1%
ai_M_R_S3_V1,M,Moderate,S3,Expansive,V1,Mechanical,aftertax,top,top_5_pct,0.327711918281267,0.33936442215132,0.0116525038700531,Top 5%
ai_M_R_S3_V1,M,Moderate,S3,Expansive,V1,Mechanical,pretax,top,top_0.1_pct,0.0983158933105191,0.103558821560632,0.0052429282501133,Top 0.1%
ai_M_R_S3_V1,M,Moderate,S3,Expansive,V1,Mechanical,pretax,top,top_10_pct,0.473016346433154,0.487306529328008,0.0142901828948537,Top 10%
ai_M_R_S3_V1,M,Moderate,S3,Expansive,V1,Mechanical,pretax,top,top_1_pct,0.205513514569439,0.215533214330118,0.0100196997606788,Top 1%
ai_M_R_S3_V1,M,Moderate,S3,Expansive,V1,Mechanical,pretax,top,top_5_pct,0.361808605653322,0.375500495462813,0.0136918898094912,Top 5%
ai_R_R_S0_V1,R,Rapid,S0,Proportional,V1,Mechanical,aftertax,top,top_0.1_pct,0.0829116119121286,0.0832493229429728,0.000337711030844234,Top 0.1%
ai_R_R_S0_V1,R,Rapid,S0,Proportional,V1,Mechanical,aftertax,top,top_10_pct,0.437743902133577,0.443602353463188,0.00585845132961027,Top 10%
ai_R_R_S0_V1,R,Rapid,S0,Proportional,V1,Mechanical,aftertax,top,top_1_pct,0.178555084770619,0.180532089638522,0.00197700486790253,Top 1%
ai_R_R_S0_V1,R,Rapid,S0,Proportional,V1,Mechanical,aftertax,top,top_5_pct,0.327711918281267,0.332675702796339,0.00496378451507196,Top 5%
ai_R_R_S0_V1,R,Rapid,S0,Proportional,V1,Mechanical,pretax,top,top_0.1_pct,0.0983158933105191,0.0984914044819557,0.00017551117143666,Top 0.1%
ai_R_R_S0_V1,R,Rapid,S0,Proportional,V1,Mechanical,pretax,top,top_10_pct,0.473016346433154,0.478992240299841,0.00597589386668629,Top 10%
ai_R_R_S0_V1,R,Rapid,S0,Proportional,V1,Mechanical,pretax,top,top_1_pct,0.205513514569439,0.207479231409748,0.001965716840309,Top 1%
ai_R_R_S0_V1,R,Rapid,S0,Proportional,V1,Mechanical,pretax,top,top_5_pct,0.361808605653322,0.366816699723471,0.00500809407014968,Top 5%
ai_R_R_S2_V1,R,Rapid,S2,Compressive,V1,Mechanical,aftertax,top,top_0.1_pct,0.0829116119121286,0.0765871329708042,-0.00632447894132437,Top 0.1%
ai_R_R_S2_V1,R,Rapid,S2,Compressive,V1,Mechanical,aftertax,top,top_10_pct,0.437743902133577,0.424435441183563,-0.0133084609500143,Top 10%
ai_R_R_S2_V1,R,Rapid,S2,Compressive,V1,Mechanical,aftertax,top,top_1_pct,0.178555084770619,0.167805028787959,-0.0107500559826599,Top 1%
ai_R_R_S2_V1,R,Rapid,S2,Compressive,V1,Mechanical,aftertax,top,top_5_pct,0.327711918281267,0.314836012435625,-0.0128759058456415,Top 5%
ai_R_R_S2_V1,R,Rapid,S2,Compressive,V1,Mechanical,pretax,top,top_0.1_pct,0.0983158933105191,0.0898384477291127,-0.0084774455814064,Top 0.1%
ai_R_R_S2_V1,R,Rapid,S2,Compressive,V1,Mechanical,pretax,top,top_10_pct,0.473016346433154,0.456529331927865,-0.0164870145052896,Top 10%
ai_R_R_S2_V1,R,Rapid,S2,Compressive,V1,Mechanical,pretax,top,top_1_pct,0.205513514569439,0.191200839455637,-0.0143126751138027,Top 1%
ai_R_R_S2_V1,R,Rapid,S2,Compressive,V1,Mechanical,pretax,top,top_5_pct,0.361808605653322,0.345230947512066,-0.0165776581412559,Top 5%
ai_R_R_S3_V1,R,Rapid,S3,Expansive,V1,Mechanical,aftertax,top,top_0.1_pct,0.0829116119121286,0.09191063128991,0.00899901937778136,Top 0.1%
ai_R_R_S3_V1,R,Rapid,S3,Expansive,V1,Mechanical,aftertax,top,top_10_pct,0.437743902133577,0.463922267059736,0.0261783649261586,Top 10%
ai_R_R_S3_V1,R,Rapid,S3,Expansive,V1,Mechanical,aftertax,top,top_1_pct,0.178555084770619,0.195624009364899,0.0170689245942797,Top 1%
ai_R_R_S3_V1,R,Rapid,S3,Expansive,V1,Mechanical,aftertax,top,top_5_pct,0.327711918281267,0.352283052781239,0.0245711344999726,Top 5%
ai_R_R_S3_V1,R,Rapid,S3,Expansive,V1,Mechanical,pretax,top,top_0.1_pct,0.0983158933105191,0.109684754270516,0.0113688609599966,Top 0.1%
ai_R_R_S3_V1,R,Rapid,S3,Expansive,V1,Mechanical,pretax,top,top_10_pct,0.473016346433154,0.502650672475838,0.0296343260426841,Top 10%
ai_R_R_S3_V1,R,Rapid,S3,Expansive,V1,Mechanical,pretax,top,top_1_pct,0.205513514569439,0.226625563902181,0.0211120493327418,Top 1%
ai_R_R_S3_V1,R,Rapid,S3,Expansive,V1,Mechanical,pretax,top,top_5_pct,0.361808605653322,0.390406292094867,0.0285976864415451,Top 5%
ai_S_R_S0_V1,S,Slow,S0,Proportional,V1,Mechanical,aftertax,top,top_0.1_pct,0.0829116119121286,0.0829842862064437,0.0000726742943151226,Top 0.1%
ai_S_R_S0_V1,S,Slow,S0,Proportional,V1,Mechanical,aftertax,top,top_10_pct,0.437743902133577,0.438335515787819,0.000591613654241541,Top 10%
ai_S_R_S0_V1,S,Slow,S0,Proportional,V1,Mechanical,aftertax,top,top_1_pct,0.178555084770619,0.178808968000539,0.000253883229919816,Top 1%
ai_S_R_S0_V1,S,Slow,S0,Proportional,V1,Mechanical,aftertax,top,top_5_pct,0.327711918281267,0.328223579415862,0.00051166113459522,Top 5%
ai_S_R_S0_V1,S,Slow,S0,Proportional,V1,Mechanical,pretax,top,top_0.1_pct,0.0983158933105191,0.0983829970116441,0.0000671037011250597,Top 0.1%
ai_S_R_S0_V1,S,Slow,S0,Proportional,V1,Mechanical,pretax,top,top_10_pct,0.473016346433154,0.473593921574801,0.000577575141646691,Top 10%
ai_S_R_S0_V1,S,Slow,S0,Proportional,V1,Mechanical,pretax,top,top_1_pct,0.205513514569439,0.205765862984619,0.000252348415179404,Top 1%
ai_S_R_S0_V1,S,Slow,S0,Proportional,V1,Mechanical,pretax,top,top_5_pct,0.361808605653322,0.362310884190459,0.000502278537137024,Top 5%
ai_S_R_S2_V1,S,Slow,S2,Compressive,V1,Mechanical,aftertax,top,top_0.1_pct,0.0829116119121286,0.0823470366987852,-0.00056457521334341,Top 0.1%
ai_S_R_S2_V1,S,Slow,S2,Compressive,V1,Mechanical,aftertax,top,top_10_pct,0.437743902133577,0.436666202669525,-0.00107769946405178,Top 10%
ai_S_R_S2_V1,S,Slow,S2,Compressive,V1,Mechanical,aftertax,top,top_1_pct,0.178555084770619,0.177641933205341,-0.000913151565278603,Top 1%
ai_S_R_S2_V1,S,Slow,S2,Compressive,V1,Mechanical,aftertax,top,top_5_pct,0.327711918281267,0.32664012684207,-0.001071791439197,Top 5%
ai_S_R_S2_V1,S,Slow,S2,Compressive,V1,Mechanical,pretax,top,top_0.1_pct,0.0983158933105191,0.0975542700318909,-0.000761623278628165,Top 0.1%
ai_S_R_S2_V1,S,Slow,S2,Compressive,V1,Mechanical,pretax,top,top_10_pct,0.473016346433154,0.471631718976521,-0.00138462745663326,Top 10%
ai_S_R_S2_V1,S,Slow,S2,Compressive,V1,Mechanical,pretax,top,top_1_pct,0.205513514569439,0.204271355251119,-0.00124215931832083,Top 1%
ai_S_R_S2_V1,S,Slow,S2,Compressive,V1,Mechanical,pretax,top,top_5_pct,0.361808605653322,0.360391133842703,-0.00141747181061902,Top 5%
ai_S_R_S3_V1,S,Slow,S3,Expansive,V1,Mechanical,aftertax,top,top_0.1_pct,0.0829116119121286,0.0836347294031793,0.000723117491050695,Top 0.1%
ai_S_R_S3_V1,S,Slow,S3,Expansive,V1,Mechanical,aftertax,top,top_10_pct,0.437743902133577,0.440008844822139,0.00226494268856137,Top 10%
ai_S_R_S3_V1,S,Slow,S3,Expansive,V1,Mechanical,aftertax,top,top_1_pct,0.178555084770619,0.179990888867535,0.00143580409691624,Top 1%
ai_S_R_S3_V1,S,Slow,S3,Expansive,V1,Mechanical,aftertax,top,top_5_pct,0.327711918281267,0.329816478725183,0.00210456044391594,Top 5%
ai_S_R_S3_V1,S,Slow,S3,Expansive,V1,Mechanical,pretax,top,top_0.1_pct,0.0983158933105191,0.0992278389911262,0.000911945680607151,Top 0.1%
ai_S_R_S3_V1,S,Slow,S3,Expansive,V1,Mechanical,pretax,top,top_10_pct,0.473016346433154,0.475555809185664,0.00253946275251005,Top 10%
ai_S_R_S3_V1,S,Slow,S3,Expansive,V1,Mechanical,pretax,top,top_1_pct,0.205513514569439,0.207277175550218,0.00176366098077896,Top 1%
ai_S_R_S3_V1,S,Slow,S3,Expansive,V1,Mechanical,pretax,top,top_5_pct,0.361808605653322,0.364238105764298,0.0024295001109762,Top 5%
