Title:,Inequality.response.(Gini),X3,X4,X5,X6,X7,X8,X9,X10,X11
Subtitle:,"Change in within-scenario Gini, FY 2030. Positive = inequality up.",,,,,,,,,
Notes:,"Source: The Budget Lab at Yale AI-Fiscal microsimulation model, FY 2030.",,,,,,,,,
,,,,,,,,,,
scenario_id,variant,variant_label,labor,labor_label,realization,realization_label,income_concept,gini_baseline,gini_cf,delta
ai_M_R_S0_V1,M,Moderate,S0,Proportional,V1,Mechanical,aftertax,0.554723007083343,0.557044523203491,0.00232151612014808
ai_M_R_S0_V1,M,Moderate,S0,Proportional,V1,Mechanical,pretax,0.591605525530161,0.593927531176733,0.00232200564657226
ai_M_R_S2_V1,M,Moderate,S2,Compressive,V1,Mechanical,aftertax,0.554723007083343,0.546523309255003,-0.00819969782833963
ai_M_R_S2_V1,M,Moderate,S2,Compressive,V1,Mechanical,pretax,0.591605525530161,0.582265110624254,-0.00934041490590731
ai_M_R_S3_V1,M,Moderate,S3,Expansive,V1,Mechanical,aftertax,0.554723007083343,0.56762009222294,0.0128970851395976
ai_M_R_S3_V1,M,Moderate,S3,Expansive,V1,Mechanical,pretax,0.591605525530161,0.605597422990439,0.0139918974602777
ai_R_R_S0_V1,R,Rapid,S0,Proportional,V1,Mechanical,aftertax,0.554723007083343,0.560442568525692,0.00571956144234964
ai_R_R_S0_V1,R,Rapid,S0,Proportional,V1,Mechanical,pretax,0.591605525530161,0.597351561735813,0.00574603620565162
ai_R_R_S2_V1,R,Rapid,S2,Compressive,V1,Mechanical,aftertax,0.554723007083343,0.539796815332324,-0.0149261917510183
ai_R_R_S2_V1,R,Rapid,S2,Compressive,V1,Mechanical,pretax,0.591605525530161,0.574504418651013,-0.0171011068791482
ai_R_R_S3_V1,R,Rapid,S3,Expansive,V1,Mechanical,aftertax,0.554723007083343,0.581295341663322,0.0265723345799795
ai_R_R_S3_V1,R,Rapid,S3,Expansive,V1,Mechanical,pretax,0.591605525530161,0.620252009117291,0.0286464835871295
ai_S_R_S0_V1,S,Slow,S0,Proportional,V1,Mechanical,aftertax,0.554723007083343,0.555343655924813,0.000620648841470062
ai_S_R_S0_V1,S,Slow,S0,Proportional,V1,Mechanical,pretax,0.591605525530161,0.592210868249462,0.000605342719301016
ai_S_R_S2_V1,S,Slow,S2,Compressive,V1,Mechanical,aftertax,0.554723007083343,0.553596118824457,-0.00112688825888563
ai_S_R_S2_V1,S,Slow,S2,Compressive,V1,Mechanical,pretax,0.591605525530161,0.590265834463162,-0.00133969106699938
ai_S_R_S3_V1,S,Slow,S3,Expansive,V1,Mechanical,aftertax,0.554723007083343,0.557083258091105,0.00236025100776249
ai_S_R_S3_V1,S,Slow,S3,Expansive,V1,Mechanical,pretax,0.591605525530161,0.594137779701154,0.0025322541709929
