Title:,"Revenue.response.vs.gross.factor-income.expansion,.by.scenario",X3,X4,X5,X6,X7,X8,X9,X10,X11,X12,X13,X14,X15,X16,X17,X18,X19,X20,X21,X22,X23
Subtitle:,"Total ΔR (incl. macro CIT) vs ΔL + X (pre-leakage), FY 2030 ($B)",,,,,,,,,,,,,,,,,,,,,
Notes:,"Source: The Budget Lab at Yale AI-Fiscal microsimulation model, FY 2030.",,,,,,,,,,,,,,,,,,,,,
,,,,,,,,,,,,,,,,,,,,,,
scenario_id,variant,variant_label,share_mode,share_mode_label,labor,labor_label,realization,realization_label,macro_cit_delta,outlays_tax_credits,revenues_corp_tax,revenues_estate_tax,revenues_income_tax,revenues_other,revenues_payroll_tax,revenues_vat,total,total_capital,total_interaction,total_labor,total_with_macro_cit,delta_factor_gross
ai_M_R_S0_V1,M,Moderate,R,Reallocate,S0,Proportional,V1,Mechanical,35.9997453057193,-0.623338031290842,0,0,62.9615182243424,0,4.91016033234359,0,68.4950165879764,52.7340772104844,0.0257895279983131,15.7351498494936,104.494761893696,404.350262630913
ai_M_R_S2_V1,M,Moderate,R,Reallocate,S2,Compressive,V1,Mechanical,35.9997453057193,-7.27892294503704,0,0,11.121816981813,0,29.7880763576211,0,48.1888162844707,52.7340772104844,-0.0185880125118274,-4.5266729135019,84.18856159019,404.350262630913
ai_M_R_S3_V1,M,Moderate,R,Reallocate,S3,Expansive,V1,Mechanical,35.9997453057193,5.89093868649896,0,0,117.235044082048,0,-21.0083519114044,0,90.3357534841434,52.7340772104844,0.091387280644085,37.5102889930149,126.335498789863,404.350262630913
ai_R_R_S0_V1,R,Rapid,R,Reallocate,S0,Proportional,V1,Mechanical,82.4910885075308,0.927909072832591,0,0,98.9616612919495,0,-11.2886702738613,0,86.7450819452543,122.932200326053,-0.155147368337566,-36.0319710124613,169.236170452785,632.501080833316
ai_R_R_S2_V1,R,Rapid,R,Reallocate,S2,Compressive,V1,Mechanical,82.4910885075308,-12.4006731010548,0,0,-1.37895589235222,0,36.6809936673592,0,47.7027108760613,122.932200326053,-0.504212762140014,-74.7252766878519,130.193799383592,632.501080833316
ai_R_R_S3_V1,R,Rapid,R,Reallocate,S3,Expansive,V1,Mechanical,82.4910885075308,13.5011753989266,0,0,208.968910957338,0,-63.4242465884479,0,132.043488969963,122.932200326053,0.0815239017138083,9.02976474219577,214.534577477494,632.501080833316
ai_S_R_S0_V1,S,Slow,R,Reallocate,S0,Proportional,V1,Mechanical,8.21592200208995,0.368722591245188,0,0,3.93546001088544,0,-3.7673125102699,0,-0.200575090630082,11.8507249604036,-0.00379998303287721,-12.0475000680008,8.01534691145987,28.4967461669469
ai_S_R_S2_V1,S,Slow,R,Reallocate,S2,Compressive,V1,Mechanical,8.21592200208995,-0.717580226326447,0,0,-4.72220153060562,0,0.372827705542704,0,-3.6317935987372,11.8507249604036,-0.0026685186467148,-15.4798500404941,4.58412840335275,28.4967461669469
ai_S_R_S3_V1,S,Slow,R,Reallocate,S3,Expansive,V1,Mechanical,8.21592200208995,1.45311266812115,0,0,12.6572121884519,0,-7.93797064299088,0,3.26612887733972,11.8507249604036,-0.00433862614409009,-8.58025745691975,11.4820508794297,28.4967461669469
