Title:,Effective.tax.rate.on.the.AI.capital.flow.—.Mechanical.(IIT.only),X3,X4,X5,X6,X7,X8,X9,X10,X11,X12,X13,X14,X15,X16,X17,X18,X19,X20,X21,X22,X23,X24,X25,X26,X27,X28,X29,X30,X31,X32,X33,X34,X35,X36,X37,X38,X39,X40,X41,X42,X43,X44
Subtitle:,"share_mode = R, proportional labor, FY 2030",,,,,,,,,,,,,,,,,,,,,,,,,,,,,,,,,,,,,,,,,,
Notes:,"Source: The Budget Lab at Yale AI-Fiscal microsimulation model, FY 2030.
Both axes use X_to_units = X − ΔR_CIT (the after-corp-tax pot reaching
households) as the denominator, so the rate read is 'IIT bite per
dollar that survives the corporate level.' For the composite total see
the with-CIT scatter. The H/M/L spread is progressive IIT bracket creep:
Rapid pushes more realized capital income into higher brackets, lifting
the implied IIT rate by ≈ 0.2 pp vs Slow.
Labor scenarios omitted: capital flow is invariant across labor
variants; the IIT-rate shift from bracket creep is ≤ 0.2 pp.",,,,,,,,,,,,,,,,,,,,,,,,,,,,,,,,,,,,,,,,,,
,,,,,,,,,,,,,,,,,,,,,,,,,,,,,,,,,,,,,,,,,,,
scenario_id,variant,variant_label,share_mode,share_mode_label,labor,labor_label,realization,realization_label,X_B,X_to_units_B,eta_corp,cit_statutory,delta_R_CIT_B,kappa_corp,CIT_base_B,X_qualified_div_B,X_taxable_int_B,X_tax_exempt_int_B,X_passthrough_ordinary_B,X_ltcg_gross_B,X_ltcg_V1_realized_B,X_retirement_slice_B,X_retirement_realized_B,X_retirement_unrealized_B,X_ltcg_realized_chosen_B,X_ltcg_unrealized_B,X_realized_B,taxed_base_B,delta_R_micro_cap_B,delta_R_micro_total_B,micro_cap_source,delta_R_total_B,realized_share_of_X,realized_share_with_corp,realized_share_post_cit,etr_on_X,etr_on_X_to_units,cit_floor_etr,taxed_fraction_union,etr_on_taxed_union,x_val,y_val,label_nudge
ai_M_R_S0_V1,M,Moderate,R,Reallocate,S0,Proportional,V1,Mechanical,340.189633091221,340.189633091221,0.992226783029583,0.21,35.9997453057193,0.5,170.094816545611,30.5481743555065,14.7542139612818,5.00862100174942,77.4742300305628,71.2790734961818,71.2790734961818,141.125320245938,141.125320245938,0,71.2790734961818,0,335.181012089471,505.275828635081,52.7340772104844,68.4950165879764,decomp,88.7338225162037,0.985276973444964,1.48527697344496,0.985276973444964,0.260836350919635,0.155013769030239,0.105822581889396,1.48527697344496,0.175614619753142,0.985276973444964,0.155013769030239,0
ai_R_R_S0_V1,R,Rapid,R,Reallocate,S0,Proportional,V1,Mechanical,779.522546461294,779.522546461294,0.992226783029583,0.21,82.4910885075308,0.5,389.761273230647,69.9991661914126,33.8083272368537,11.4769311517976,177.527188379542,163.331387779963,163.331387779963,323.379545721726,323.379545721726,0,163.331387779963,0,768.045615309497,1157.80688854014,122.932200326053,86.7450819452543,decomp,205.423288833584,0.985276973444967,1.48527697344497,0.985276973444967,0.263524499408156,0.15770191751876,0.105822581889396,1.48527697344497,0.177424483190455,0.985276973444967,0.15770191751876,0.0008
ai_S_R_S0_V1,S,Slow,R,Reallocate,S0,Proportional,V1,Mechanical,77.6386462643399,77.6386462643399,0.992226783029583,0.21,8.21592200208995,0.5,38.81932313217,6.97175537436962,3.36723135340571,1.14307585064679,17.6812981785723,16.2674292068624,16.2674292068624,32.207856300483,32.207856300483,0,16.2674292068624,0,76.495570413693,115.314893545863,11.8507249604036,-0.200575090630082,decomp,20.0666469624936,0.985276973444965,1.48527697344496,0.985276973444965,0.258462092373065,0.152639510483669,0.105822581889396,1.48527697344496,0.174016090597288,0.985276973444965,0.152639510483669,-0.0008
