Title:,"Change.in.average.tax.rate.by.decile,.across.labor.scenarios",X3,X4,X5,X6,X7,X8,X9,X10,X11,X12,X13,X14
Subtitle:,"Slow shock (R, Mechanical), FY 2030",,,,,,,,,,,,
Notes:,"Source: The Budget Lab at Yale AI-Fiscal microsimulation model, FY 2030.
ΔATR = (cf tax / cf pretax income) − (baseline tax / baseline pretax income).
Three bars per decile compare labor (inequality) scenarios at a fixed shock variant.",,,,,,,,,,,,
,,,,,,,,,,,,,
scenario_id,decile,pretax_base_d_B,pretax_cf_d_B,tax_base_d_B,tax_cf_d_B,dY_factor_d_B,atr_base,atr_cf_std,dATR,labor,labor_label,variant_label,realization_label
ai_S_R_S0_V1,1,-542.934369809947,-543.099223037903,10.1634780492893,10.1388077894522,0.579841021118487,-0.0187195333624707,-0.0186684262458328,0.0000511071166378642,S0,Proportional,Slow,Mechanical
ai_S_R_S0_V1,2,388.015540628305,387.355846395462,-22.1320199327549,-22.1459547313463,-0.106010954987831,-0.0570390038938054,-0.0571721194798668,-0.000133115586061432,S0,Proportional,Slow,Mechanical
ai_S_R_S0_V1,3,561.153333258383,560.350643087573,-28.3209534736833,-28.4024504041648,-0.176192881609271,-0.0504691887139569,-0.0506869239011938,-0.000217735187236827,S0,Proportional,Slow,Mechanical
ai_S_R_S0_V1,4,820.169437223817,819.196363479665,-11.9244988869571,-12.1120786108553,-0.246273682820734,-0.0145390675947646,-0.0147853178441947,-0.000246250249430122,S0,Proportional,Slow,Mechanical
ai_S_R_S0_V1,5,1092.09465240244,1090.6506687334,25.8751535659036,25.6049921477315,-0.438423294341855,0.0236931418984446,0.0234768041516604,-0.000216337746784225,S0,Proportional,Slow,Mechanical
ai_S_R_S0_V1,6,1431.3633583382,1430.46874124806,69.7612385491509,69.6238685900478,-0.0620184351241282,0.0487376165826566,0.0486720657239264,-0.0000655508587302303,S0,Proportional,Slow,Mechanical
ai_S_R_S0_V1,7,1878.29534636384,1876.77498877222,121.053987882839,120.816533304319,-0.616137427102808,0.0644488568409571,0.0643745435798656,-0.000074313261091502,S0,Proportional,Slow,Mechanical
ai_S_R_S0_V1,8,2601.56180865961,2600.70239569504,208.271689492574,208.129502090534,0.368616379517071,0.0800564064245242,0.0800281887058866,-0.0000282177186376187,S0,Proportional,Slow,Mechanical
ai_S_R_S0_V1,9,3791.68208048503,3795.30306730524,402.378381436465,403.04251610499,2.95119598359213,0.106121339525647,0.106195080855864,0.0000737413302169532,S0,Proportional,Slow,Mechanical
ai_S_R_S0_V1,10,11740.8308088609,11763.0129249323,2177.01364224858,2180.75079470759,26.5544721570692,0.185422452438849,0.185390495498426,-0.0000319569404225728,S0,Proportional,Slow,Mechanical
ai_S_R_S2_V1,1,-542.934369809947,-541.959008948774,10.1634780492893,10.0168105042416,1.67888534542667,-0.0187195333624707,-0.0184825980172762,0.000236935345194454,S2,Compressive,Slow,Mechanical
ai_S_R_S2_V1,2,388.015540628305,390.796891245892,-22.1320199327549,-22.0885606462203,3.27157106693943,-0.0570390038938054,-0.056521843292561,0.000517160601244439,S2,Compressive,Slow,Mechanical
ai_S_R_S2_V1,3,561.153333258383,564.454468920635,-28.3209534736833,-28.0830872445594,3.82591521631172,-0.0504691887139569,-0.0497526174223771,0.000716571291579836,S2,Compressive,Slow,Mechanical
ai_S_R_S2_V1,4,820.169437223817,824.728419661423,-11.9244988869571,-11.4018002555316,5.17362733371139,-0.0145390675947646,-0.0138249149461982,0.000714152648566415,S2,Compressive,Slow,Mechanical
ai_S_R_S2_V1,5,1092.09465240244,1097.69148428112,25.8751535659036,26.640098943917,6.49494693408096,0.0236931418984446,0.0242692043487644,0.000576062450319745,S2,Compressive,Slow,Mechanical
ai_S_R_S2_V1,6,1431.3633583382,1437.60168403143,69.7612385491509,70.6083482175771,6.95837028158922,0.0487376165826566,0.0491153766734412,0.000377760090784607,S2,Compressive,Slow,Mechanical
ai_S_R_S2_V1,7,1878.29534636384,1884.5795354036,121.053987882839,122.087569535971,7.03697222597744,0.0644488568409571,0.0647823916382626,0.000333534797305537,S2,Compressive,Slow,Mechanical
ai_S_R_S2_V1,8,2601.56180865961,2607.58819655356,208.271689492574,209.162409250366,7.13595272616151,0.0800564064245242,0.080212975931865,0.000156569507340817,S2,Compressive,Slow,Mechanical
ai_S_R_S2_V1,9,3791.68208048503,3799.49358489617,402.378381436465,403.890616290496,7.04015851265906,0.106121339525647,0.106301170739188,0.00017983121354026,S2,Compressive,Slow,Mechanical
ai_S_R_S2_V1,10,11740.8308088609,11714.7167573294,2177.01364224858,2164.41524346527,-21.4011898670962,0.185422452438849,0.184760356421856,-0.00066209601699263,S2,Compressive,Slow,Mechanical
ai_S_R_S3_V1,1,-542.934369809947,-544.222197080337,10.1634780492893,10.2610154099074,-0.502152861232223,-0.0187195333624707,-0.0188544595662508,-0.000134926203780139,S3,Expansive,Slow,Mechanical
ai_S_R_S3_V1,2,388.015540628305,383.947475415322,-22.1320199327549,-22.1936924421532,-3.45138279940479,-0.0570390038938054,-0.0578039806568488,-0.000764976763043379,S3,Expansive,Slow,Mechanical
ai_S_R_S3_V1,3,561.153333258383,556.274896618925,-28.3209534736833,-28.7102470254934,-4.15090846310498,-0.0504691887139569,-0.0516116172058026,-0.0011424284918457,S3,Expansive,Slow,Mechanical
ai_S_R_S3_V1,4,820.169437223817,813.684737264847,-11.9244988869571,-12.8127704306132,-5.64631593081508,-0.0145390675947646,-0.015746602884162,-0.00120753528939738,S3,Expansive,Slow,Mechanical
ai_S_R_S3_V1,5,1092.09465240244,1083.61554335441,25.8751535659036,24.5699950628651,-7.36624629191771,0.0236931418984446,0.0226740888071861,-0.00101905309125856,S3,Expansive,Slow,Mechanical
ai_S_R_S3_V1,6,1431.3633583382,1423.31896264777,69.7612385491509,68.6408390143903,-7.09899672758911,0.0487376165826566,0.0482259007402664,-0.000511715842390202,S3,Expansive,Slow,Mechanical
ai_S_R_S3_V1,7,1878.29534636384,1868.91831925948,121.053987882839,119.537780934443,-8.32090027950691,0.0644488568409571,0.0639609445220738,-0.000487912318883274,S3,Expansive,Slow,Mechanical
ai_S_R_S3_V1,8,2601.56180865961,2593.71911278752,208.271689492574,207.084984619281,-6.4949386051784,0.0800564064245242,0.0798409448418348,-0.000215461582689438,S3,Expansive,Slow,Mechanical
ai_S_R_S3_V1,9,3791.68208048503,3790.95822253633,402.378381436465,402.16325966996,-1.2900344450969,0.106121339525647,0.106084856667424,-0.0000364828582231636,S3,Expansive,Slow,Mechanical
ai_S_R_S3_V1,10,11740.8308088609,11811.5052357402,2177.01364224858,2197.19203681206,74.7034797560934,0.185422452438849,0.186021340460792,0.000598888021943689,S3,Expansive,Slow,Mechanical
