Title:,"Change.in.average.tax.rate.by.decile,.across.shock.variants",X3,X4,X5,X6,X7,X8,X9,X10,X11,X12,X13,X14
Subtitle:,"Expansive labor scenario (R, Mechanical), FY 2030",,,,,,,,,,,,
Notes:,"Source: The Budget Lab at Yale AI-Fiscal microsimulation model, FY 2030.
ΔATR = (cf tax / cf pretax income) − (baseline tax / baseline pretax income).
Three bars per decile compare shock variants (growth) at a fixed labor scenario.",,,,,,,,,,,,
,,,,,,,,,,,,,
scenario_id,decile,pretax_base_d_B,pretax_cf_d_B,tax_base_d_B,tax_cf_d_B,dY_factor_d_B,atr_base,atr_cf_std,dATR,variant,variant_label,labor_label,realization_label
ai_M_R_S3_V1,1,-542.934369809947,-547.369555253086,10.1634780492893,11.0023026471678,-1.21889793930312,-0.0187195333624707,-0.0201003189555924,-0.00138078559312175,M,Moderate,Expansive,Mechanical
ai_M_R_S3_V1,2,388.015540628305,369.876606099492,-22.1320199327549,-22.2510996704639,-15.5771335990563,-0.0570390038938054,-0.0601581697883284,-0.00311916589452298,M,Moderate,Expansive,Mechanical
ai_M_R_S3_V1,3,561.153333258383,540.128787728363,-28.3209534736833,-29.8507427652004,-18.0098234920287,-0.0504691887139569,-0.0552659725669217,-0.00479678385296479,M,Moderate,Expansive,Mechanical
ai_M_R_S3_V1,4,820.169437223817,793.722598445301,-11.9244988869571,-15.4191624924582,-22.9935463119083,-0.0145390675947646,-0.0194263871567477,-0.00488731956198311,M,Moderate,Expansive,Mechanical
ai_M_R_S3_V1,5,1092.09465240244,1059.60897310655,25.8751535659036,20.8585934675027,-27.9355884958014,0.0236931418984446,0.019685180096531,-0.00400796180191366,M,Moderate,Expansive,Mechanical
ai_M_R_S3_V1,6,1431.3633583382,1403.89988556077,69.7612385491509,65.9622287171351,-23.6577214441099,0.0487376165826566,0.0469849947247395,-0.00175262185791714,M,Moderate,Expansive,Mechanical
ai_M_R_S3_V1,7,1878.29534636384,1851.483365034,121.053987882839,116.71734999913,-22.613478854787,0.0644488568409571,0.06303991286305,-0.00140894397790704,M,Moderate,Expansive,Mechanical
ai_M_R_S3_V1,8,2601.56180865961,2590.45800570395,208.271689492574,206.664839138216,-5.84558561527527,0.0800564064245242,0.0797792663240087,-0.000277140100515466,M,Moderate,Expansive,Mechanical
ai_M_R_S3_V1,9,3791.68208048503,3826.64724398264,402.378381436465,409.609687858463,32.1354278294688,0.106121339525647,0.107041402497335,0.00092006297168748,M,Moderate,Expansive,Mechanical
ai_M_R_S3_V1,10,11740.8308088609,12282.7273740592,2177.01364224858,2339.85482330431,555.789733167876,0.185422452438849,0.190499613973849,0.0050771615350006,M,Moderate,Expansive,Mechanical
ai_R_R_S3_V1,1,-542.934369809947,-552.537592771909,10.1634780492893,11.738404078856,-2.52273451899252,-0.0187195333624707,-0.0212445347292445,-0.00252500136677386,R,Rapid,Expansive,Mechanical
ai_R_R_S3_V1,2,388.015540628305,350.388787425118,-22.1320199327549,-21.9487320991826,-32.0249234557876,-0.0570390038938054,-0.0626410800998399,-0.00560207620603452,R,Rapid,Expansive,Mechanical
ai_R_R_S3_V1,3,561.153333258383,516.726028462948,-28.3209534736833,-31.2072483257476,-37.8293382695028,-0.0504691887139569,-0.0603941868741867,-0.00992499816022977,R,Rapid,Expansive,Mechanical
ai_R_R_S3_V1,4,820.169437223817,762.78387003816,-11.9244988869571,-19.094445041267,-49.806444183089,-0.0145390675947646,-0.025032575794126,-0.0104935081993614,R,Rapid,Expansive,Mechanical
ai_R_R_S3_V1,5,1092.09465240244,1019.47041383646,25.8751535659036,14.7093842912382,-62.5924941257434,0.0236931418984446,0.0144284562765132,-0.00926468562193143,R,Rapid,Expansive,Mechanical
ai_R_R_S3_V1,6,1431.3633583382,1366.80812417795,69.7612385491509,61.0155801866903,-56.1284161166496,0.0487376165826566,0.0446409258968865,-0.00409669068577011,R,Rapid,Expansive,Mechanical
ai_R_R_S3_V1,7,1878.29534636384,1809.76523482732,121.053987882839,110.134890030851,-59.1821815892794,0.0644488568409571,0.0608558988267667,-0.00359295801419041,R,Rapid,Expansive,Mechanical
ai_R_R_S3_V1,8,2601.56180865961,2559.61642921997,208.271689492574,202.312183743947,-30.127130107437,0.0800564064245242,0.0790400395287354,-0.0010163668957888,R,Rapid,Expansive,Mechanical
ai_R_R_S3_V1,9,3791.68208048503,3837.88114535407,402.378381436465,412.150841858458,40.3594171597231,0.106121339525647,0.107390204711625,0.00126886518597723,R,Rapid,Expansive,Mechanical
ai_R_R_S3_V1,10,11740.8308088609,12783.7317511124,2177.01364224858,2491.61959692049,1074.4139729366,0.185422452438849,0.194905497504958,0.00948304506610925,R,Rapid,Expansive,Mechanical
ai_S_R_S3_V1,1,-542.934369809947,-544.222197080337,10.1634780492893,10.2610154099074,-0.502152861232223,-0.0187195333624707,-0.0188544595662508,-0.000134926203780139,S,Slow,Expansive,Mechanical
ai_S_R_S3_V1,2,388.015540628305,383.947475415322,-22.1320199327549,-22.1936924421532,-3.45138279940479,-0.0570390038938054,-0.0578039806568488,-0.000764976763043379,S,Slow,Expansive,Mechanical
ai_S_R_S3_V1,3,561.153333258383,556.274896618925,-28.3209534736833,-28.7102470254934,-4.15090846310498,-0.0504691887139569,-0.0516116172058026,-0.0011424284918457,S,Slow,Expansive,Mechanical
ai_S_R_S3_V1,4,820.169437223817,813.684737264847,-11.9244988869571,-12.8127704306132,-5.64631593081508,-0.0145390675947646,-0.015746602884162,-0.00120753528939738,S,Slow,Expansive,Mechanical
ai_S_R_S3_V1,5,1092.09465240244,1083.61554335441,25.8751535659036,24.5699950628651,-7.36624629191771,0.0236931418984446,0.0226740888071861,-0.00101905309125856,S,Slow,Expansive,Mechanical
ai_S_R_S3_V1,6,1431.3633583382,1423.31896264777,69.7612385491509,68.6408390143903,-7.09899672758911,0.0487376165826566,0.0482259007402664,-0.000511715842390202,S,Slow,Expansive,Mechanical
ai_S_R_S3_V1,7,1878.29534636384,1868.91831925948,121.053987882839,119.537780934443,-8.32090027950691,0.0644488568409571,0.0639609445220738,-0.000487912318883274,S,Slow,Expansive,Mechanical
ai_S_R_S3_V1,8,2601.56180865961,2593.71911278752,208.271689492574,207.084984619281,-6.4949386051784,0.0800564064245242,0.0798409448418348,-0.000215461582689438,S,Slow,Expansive,Mechanical
ai_S_R_S3_V1,9,3791.68208048503,3790.95822253633,402.378381436465,402.16325966996,-1.2900344450969,0.106121339525647,0.106084856667424,-0.0000364828582231636,S,Slow,Expansive,Mechanical
ai_S_R_S3_V1,10,11740.8308088609,11811.5052357402,2177.01364224858,2197.19203681206,74.7034797560934,0.185422452438849,0.186021340460792,0.000598888021943689,S,Slow,Expansive,Mechanical
