income_concept,gini_baseline,gini_cf,scenario_id,delta
aftertax,0.554723007083343,0.555388805350542,ai_M_F_S0_V1,0.000665798267199036
pretax,0.591605525530161,0.5923295238721,ai_M_F_S0_V1,0.000723998341938703
aftertax,0.554723007083343,0.544728725589039,ai_M_F_S2_V1,-0.00999428149430426
pretax,0.591605525530161,0.580514291799718,ai_M_F_S2_V1,-0.0110912337304435
aftertax,0.554723007083343,0.566091666027435,ai_M_F_S3_V1,0.0113686589440921
pretax,0.591605525530161,0.604162355742009,ai_M_F_S3_V1,0.0125568302118483
aftertax,0.554723007083343,0.556846975499188,ai_M_R_S0_V1,0.00212396841584506
pretax,0.591605525530161,0.593727708415495,ai_M_R_S0_V1,0.00212218288533417
aftertax,0.554723007083343,0.546302636014886,ai_M_R_S2_V1,-0.0084203710684565
pretax,0.591605525530161,0.58204777395084,ai_M_R_S2_V1,-0.00955775157932159
aftertax,0.554723007083343,0.567436925514403,ai_M_R_S3_V1,0.0127139184310602
pretax,0.591605525530161,0.60542710730706,ai_M_R_S3_V1,0.0138215817768991
aftertax,0.554723007083343,0.556009888539541,ai_R_F_S0_V1,0.00128688145619849
pretax,0.591605525530161,0.593025763871209,ai_R_F_S0_V1,0.00142023834104754
aftertax,0.554723007083343,0.534783734974186,ai_R_F_S2_V1,-0.0199392721091564
pretax,0.591605525530161,0.569453691051633,ai_R_F_S2_V1,-0.0221518344785286
aftertax,0.554723007083343,0.577587540058712,ai_R_F_S3_V1,0.0228645329753695
pretax,0.591605525530161,0.616852514513573,ai_R_F_S3_V1,0.0252469889834115
aftertax,0.554723007083343,0.559636303883901,ai_R_R_S0_V1,0.00491329680055819
pretax,0.591605525530161,0.596550196912608,ai_R_R_S0_V1,0.00494467138244681
aftertax,0.554723007083343,0.538876124113076,ai_R_R_S2_V1,-0.015846882970267
pretax,0.591605525530161,0.573580990444202,ai_R_R_S2_V1,-0.0180245350859591
aftertax,0.554723007083343,0.580604621671912,ai_R_R_S3_V1,0.0258816145885689
pretax,0.591605525530161,0.619608861337528,ai_R_R_S3_V1,0.0280033358073667
aftertax,0.554723007083343,0.55488197459814,ai_S_F_S0_V1,0.000158967514796826
pretax,0.591605525530161,0.591761755859489,ai_S_F_S0_V1,0.0001562303293281
aftertax,0.554723007083343,0.553132207303764,ai_S_F_S2_V1,-0.00159079977957866
pretax,0.591605525530161,0.589819307241008,ai_S_F_S2_V1,-0.00178621828915337
aftertax,0.554723007083343,0.556627047943734,ai_S_F_S3_V1,0.00190404086039109
pretax,0.591605525530161,0.593700497809649,ai_S_F_S3_V1,0.00209497227948774
aftertax,0.554723007083343,0.555343655924813,ai_S_R_S0_V1,0.000620648841470062
pretax,0.591605525530161,0.592210868249462,ai_S_R_S0_V1,0.000605342719301016
aftertax,0.554723007083343,0.553596118824457,ai_S_R_S2_V1,-0.00112688825888563
pretax,0.591605525530161,0.590265834463162,ai_S_R_S2_V1,-0.00133969106699938
aftertax,0.554723007083343,0.557083258091105,ai_S_R_S3_V1,0.00236025100776249
pretax,0.591605525530161,0.594137779701154,ai_S_R_S3_V1,0.0025322541709929
