Title:,Where.the.AI.capital.flow.lands.in.the.tax.base,X3,X4,X5,X6,X7,X8,X9,X10
Subtitle:,"Mechanical realization, share_mode = R, proportional labor, FY 2030",,,,,,,,
Notes:,"Source: The Budget Lab at Yale AI-Fiscal microsimulation model, FY 2030.
CIT wedge: τ_stat = 21.0% on κ·X / η (κ = 0.50, η = 0.97). Per variant:
  Slow: X = $78B, ΔR/X = 26.0%, implied IIT ETR on realized = 15.5%
  Moderate: X = $340B, ΔR/X = 26.3%, implied IIT ETR on realized = 15.7%
  Rapid: X = $780B, ΔR/X = 26.5%, implied IIT ETR on realized = 16.0%
Microsim capital-side ΔR source: decomp. Untaxed segments do not contribute to current-year ΔR.",,,,,,,,
,,,,,,,,,
variant,variant_label,X_B,treatment,amount_B,share,panel_fraction,label_inside,cum_end,segment_mid
S,Slow,77.6386462643399,Corporate tax (CIT wedge),8.36632274246801,0.107759771003513,0.00968858477461138,FALSE,8.36632274246801,4.183161371234
S,Slow,77.6386462643399,Realized this year (IIT),76.495570413693,0.985276973444965,0.088585372767569,TRUE,84.861893156161,46.6141079493145
S,Slow,77.6386462643399,Tax-exempt interest,1.14307585064679,0.0147230265550343,0.00132373416896602,FALSE,86.0049690068078,85.4334310814844
M,Moderate,340.189633091221,Corporate tax (CIT wedge),36.658756959679,0.107759771003513,0.0424525189224235,TRUE,36.658756959679,18.3293784798395
M,Moderate,340.189633091221,Realized this year (IIT),335.181012089471,0.985276973444964,0.388154957731276,TRUE,371.83976904915,204.249263004414
M,Moderate,340.189633091221,Tax-exempt interest,5.00862100174942,0.0147230265550343,0.00580021243180409,FALSE,376.848390050899,374.344079550025
R,Rapid,779.522546461294,Corporate tax (CIT wedge),84.0011710987443,0.107759771003513,0.0972772019928959,TRUE,84.0011710987443,42.0005855493721
R,Rapid,779.522546461294,Realized this year (IIT),768.045615309497,0.985276973444967,0.889431986280211,TRUE,852.046786408242,468.023978753493
R,Rapid,779.522546461294,Tax-exempt interest,11.4769311517976,0.0147230265550343,0.0132908117268935,FALSE,863.523717560039,857.78525198414
