scenario_id,variant,variant_label,share_mode,share_mode_label,labor,labor_label,realization,realization_label,macro_cit_delta,outlays_tax_credits,revenues_corp_tax,revenues_estate_tax,revenues_income_tax,revenues_other,revenues_payroll_tax,revenues_vat,total,total_capital,total_interaction,total_labor,total_with_macro_cit
ai_S_R_S0_V1,S,Slow,R,Reallocate,S0,Proportional,V1,Mechanical,8.21592200208995,0.368722591245188,0,0,3.93546001088544,0,-3.7673125102699,0,-0.200575090630082,11.8507249604036,-0.00379998303287721,-12.0475000680008,8.01534691145987
ai_S_R_S2_V1,S,Slow,R,Reallocate,S2,Compressive,V1,Mechanical,8.21592200208995,-0.717580226326447,0,0,-4.72220153060562,0,0.372827705542704,0,-3.6317935987372,11.8507249604036,-0.0026685186467148,-15.4798500404941,4.58412840335275
ai_S_R_S3_V1,S,Slow,R,Reallocate,S3,Expansive,V1,Mechanical,8.21592200208995,1.45311266812115,0,0,12.6572121884519,0,-7.93797064299088,0,3.26612887733972,11.8507249604036,-0.00433862614409009,-8.58025745691975,11.4820508794297
ai_S_F_S0_V1,S,Slow,F,Fixed share,S0,Proportional,V1,Mechanical,2.82080372095559,-0.744602729419341,0,0,18.8605689361261,0,7.04610860236153,0,26.6512802679063,4.05818136216112,0.0029887634636907,22.5901101422814,29.4720839888619
ai_S_F_S2_V1,S,Slow,F,Fixed share,S2,Compressive,V1,Mechanical,2.82080372095559,-1.83534477103204,0,0,10.1457942469178,0,11.2278221321505,0,23.2089611500996,4.05818136216112,0.0034301059495192,19.147349681989,26.0297648710552
ai_S_F_S3_V1,S,Slow,F,Fixed share,S3,Expansive,V1,Mechanical,2.82080372095559,0.344349796119772,0,0,27.6392065857717,0,2.83612438506179,0,30.1309811747133,4.05818136216112,0.00269739494979149,26.0701024176024,32.9517848956689
ai_M_R_S0_V1,M,Moderate,R,Reallocate,S0,Proportional,V1,Mechanical,35.9997453057193,-0.623338031290842,0,0,62.9615182243424,0,4.91016033234359,0,68.4950165879764,52.7340772104844,0.0257895279983131,15.7351498494936,104.494761893696
ai_M_R_S2_V1,M,Moderate,R,Reallocate,S2,Compressive,V1,Mechanical,35.9997453057193,-7.27892294503704,0,0,11.121816981813,0,29.7880763576211,0,48.1888162844707,52.7340772104844,-0.0185880125118274,-4.5266729135019,84.18856159019
ai_M_R_S3_V1,M,Moderate,R,Reallocate,S3,Expansive,V1,Mechanical,35.9997453057193,5.89093868649896,0,0,117.235044082048,0,-21.0083519114044,0,90.3357534841434,52.7340772104844,0.091387280644085,37.5102889930149,126.335498789863
ai_M_F_S0_V1,M,Moderate,F,Fixed share,S0,Proportional,V1,Mechanical,17.1104466773702,-4.4264155872272,0,0,115.351042928733,0,42.4903101815828,0,162.267768697543,24.8277188240136,0.13719738823329,137.302852485296,179.378215374913
ai_M_F_S2_V1,M,Moderate,F,Fixed share,S2,Compressive,V1,Mechanical,17.1104466773702,-11.1928397370698,0,0,62.2520219674484,0,68.2199322982249,0,141.664794002742,24.8277188240136,0.0903582535456735,116.746716925183,158.775240680112
ai_M_F_S3_V1,M,Moderate,F,Fixed share,S3,Expansive,V1,Mechanical,17.1104466773702,2.20760823984881,0,0,170.885903226109,0,15.7322178456257,0,184.410512831886,24.8277188240136,0.168992247084134,159.413801760788,201.520959509256
ai_R_R_S0_V1,R,Rapid,R,Reallocate,S0,Proportional,V1,Mechanical,82.4910885075308,0.927909072832591,0,0,98.9616612919495,0,-11.2886702738613,0,86.7450819452543,122.932200326053,-0.155147368337566,-36.0319710124613,169.236170452785
ai_R_R_S2_V1,R,Rapid,R,Reallocate,S2,Compressive,V1,Mechanical,82.4910885075308,-12.4006731010548,0,0,-1.37895589235222,0,36.6809936673592,0,47.7027108760613,122.932200326053,-0.504212762140014,-74.7252766878519,130.193799383592
ai_R_R_S3_V1,R,Rapid,R,Reallocate,S3,Expansive,V1,Mechanical,82.4910885075308,13.5011753989266,0,0,208.968910957338,0,-63.4242465884479,0,132.043488969963,122.932200326053,0.0815239017138083,9.02976474219577,214.534577477494
ai_R_F_S0_V1,R,Rapid,F,Fixed share,S0,Proportional,V1,Mechanical,34.2095605898381,-8.67180330909818,0,0,232.798583147319,0,84.3801426481075,0,325.850529104523,50.0736866843199,0.507099366637704,275.269743053565,360.060089694361
ai_R_F_S2_V1,R,Rapid,F,Fixed share,S2,Compressive,V1,Mechanical,34.2095605898381,-22.3375935999672,0,0,126.055395155165,0,136.689589621974,0,285.082578377105,50.0736866843199,0.329799495085354,234.6790921977,319.292138966943
ai_R_F_S3_V1,R,Rapid,F,Fixed share,S3,Expansive,V1,Mechanical,34.2095605898381,4.67311488757372,0,0,349.30274278897,0,27.9763294579834,0,372.605957359378,50.0736866843199,0.577529844374112,321.954740830684,406.815517949216
