scenario_id,instrument,baseline,counterfactual,delta
ai_S_R_S0_V1,revenues_payroll_tax,1970.92352019412,1967.15620768385,-3.7673125102699
ai_S_R_S0_V1,revenues_income_tax,3010.43359034049,3014.36905035138,3.93546001088544
ai_S_R_S0_V1,outlays_tax_credits,100.96774507013,101.336467661375,0.368722591245188
ai_S_R_S0_V1,revenues_corp_tax,530.244818223809,530.244818223809,0
ai_S_R_S0_V1,revenues_estate_tax,36.166,36.166,0
ai_S_R_S0_V1,revenues_vat,0,0,0
ai_S_R_S0_V1,revenues_other,610.957,610.957,0
ai_S_R_S0_V1,total,6057.75718368829,6057.55660859766,-0.200575090630082
ai_M_R_S0_V1,revenues_payroll_tax,1970.92352019412,1975.83368052646,4.91016033234359
ai_M_R_S0_V1,revenues_income_tax,3010.43359034049,3073.39510856483,62.9615182243424
ai_M_R_S0_V1,outlays_tax_credits,100.96774507013,100.344407038839,-0.623338031290842
ai_M_R_S0_V1,revenues_corp_tax,530.244818223809,530.244818223809,0
ai_M_R_S0_V1,revenues_estate_tax,36.166,36.166,0
ai_M_R_S0_V1,revenues_vat,0,0,0
ai_M_R_S0_V1,revenues_other,610.957,610.957,0
ai_M_R_S0_V1,total,6057.75718368829,6126.25220027627,68.4950165879764
ai_R_R_S0_V1,revenues_payroll_tax,1970.92352019412,1959.63484992026,-11.2886702738613
ai_R_R_S0_V1,revenues_income_tax,3010.43359034049,3109.39525163244,98.9616612919495
ai_R_R_S0_V1,outlays_tax_credits,100.96774507013,101.895654142962,0.927909072832591
ai_R_R_S0_V1,revenues_corp_tax,530.244818223809,530.244818223809,0
ai_R_R_S0_V1,revenues_estate_tax,36.166,36.166,0
ai_R_R_S0_V1,revenues_vat,0,0,0
ai_R_R_S0_V1,revenues_other,610.957,610.957,0
ai_R_R_S0_V1,total,6057.75718368829,6144.50226563354,86.7450819452543
ai_S_F_S0_V1,revenues_payroll_tax,1970.92352019412,1977.96962879648,7.04610860236153
ai_S_F_S0_V1,revenues_income_tax,3010.43359034049,3029.29415927662,18.8605689361261
ai_S_F_S0_V1,outlays_tax_credits,100.96774507013,100.22314234071,-0.744602729419341
ai_S_F_S0_V1,revenues_corp_tax,530.244818223809,530.244818223809,0
ai_S_F_S0_V1,revenues_estate_tax,36.166,36.166,0
ai_S_F_S0_V1,revenues_vat,0,0,0
ai_S_F_S0_V1,revenues_other,610.957,610.957,0
ai_S_F_S0_V1,total,6057.75718368829,6084.4084639562,26.6512802679063
ai_M_F_S0_V1,revenues_payroll_tax,1970.92352019412,2013.4138303757,42.4903101815828
ai_M_F_S0_V1,revenues_income_tax,3010.43359034049,3125.78463326922,115.351042928733
ai_M_F_S0_V1,outlays_tax_credits,100.96774507013,96.5413294829025,-4.4264155872272
ai_M_F_S0_V1,revenues_corp_tax,530.244818223809,530.244818223809,0
ai_M_F_S0_V1,revenues_estate_tax,36.166,36.166,0
ai_M_F_S0_V1,revenues_vat,0,0,0
ai_M_F_S0_V1,revenues_other,610.957,610.957,0
ai_M_F_S0_V1,total,6057.75718368829,6220.02495238583,162.267768697543
ai_R_F_S0_V1,revenues_payroll_tax,1970.92352019412,2055.30366284223,84.3801426481075
ai_R_F_S0_V1,revenues_income_tax,3010.43359034049,3243.23217348781,232.798583147319
ai_R_F_S0_V1,outlays_tax_credits,100.96774507013,92.2959417610315,-8.67180330909818
ai_R_F_S0_V1,revenues_corp_tax,530.244818223809,530.244818223809,0
ai_R_F_S0_V1,revenues_estate_tax,36.166,36.166,0
ai_R_F_S0_V1,revenues_vat,0,0,0
ai_R_F_S0_V1,revenues_other,610.957,610.957,0
ai_R_F_S0_V1,total,6057.75718368829,6383.60771279281,325.850529104523
ai_S_R_S2_V1,revenues_payroll_tax,1970.92352019412,1971.29634789966,0.372827705542704
ai_S_R_S2_V1,revenues_income_tax,3010.43359034049,3005.71138880988,-4.72220153060562
ai_S_R_S2_V1,outlays_tax_credits,100.96774507013,100.250164843803,-0.717580226326447
ai_S_R_S2_V1,revenues_corp_tax,530.244818223809,530.244818223809,0
ai_S_R_S2_V1,revenues_estate_tax,36.166,36.166,0
ai_S_R_S2_V1,revenues_vat,0,0,0
ai_S_R_S2_V1,revenues_other,610.957,610.957,0
ai_S_R_S2_V1,total,6057.75718368829,6054.12539008955,-3.6317935987372
ai_M_R_S2_V1,revenues_payroll_tax,1970.92352019412,2000.71159655174,29.7880763576211
ai_M_R_S2_V1,revenues_income_tax,3010.43359034049,3021.5554073223,11.121816981813
ai_M_R_S2_V1,outlays_tax_credits,100.96774507013,93.6888221250927,-7.27892294503704
ai_M_R_S2_V1,revenues_corp_tax,530.244818223809,530.244818223809,0
ai_M_R_S2_V1,revenues_estate_tax,36.166,36.166,0
ai_M_R_S2_V1,revenues_vat,0,0,0
ai_M_R_S2_V1,revenues_other,610.957,610.957,0
ai_M_R_S2_V1,total,6057.75718368829,6105.94599997276,48.1888162844707
ai_R_R_S2_V1,revenues_payroll_tax,1970.92352019412,2007.60451386148,36.6809936673592
ai_R_R_S2_V1,revenues_income_tax,3010.43359034049,3009.05463444814,-1.37895589235222
ai_R_R_S2_V1,outlays_tax_credits,100.96774507013,88.5670719690749,-12.4006731010548
ai_R_R_S2_V1,revenues_corp_tax,530.244818223809,530.244818223809,0
ai_R_R_S2_V1,revenues_estate_tax,36.166,36.166,0
ai_R_R_S2_V1,revenues_vat,0,0,0
ai_R_R_S2_V1,revenues_other,610.957,610.957,0
ai_R_R_S2_V1,total,6057.75718368829,6105.45989456435,47.7027108760613
ai_S_F_S2_V1,revenues_payroll_tax,1970.92352019412,1982.15134232627,11.2278221321505
ai_S_F_S2_V1,revenues_income_tax,3010.43359034049,3020.57938458741,10.1457942469178
ai_S_F_S2_V1,outlays_tax_credits,100.96774507013,99.1324002990977,-1.83534477103204
ai_S_F_S2_V1,revenues_corp_tax,530.244818223809,530.244818223809,0
ai_S_F_S2_V1,revenues_estate_tax,36.166,36.166,0
ai_S_F_S2_V1,revenues_vat,0,0,0
ai_S_F_S2_V1,revenues_other,610.957,610.957,0
ai_S_F_S2_V1,total,6057.75718368829,6080.96614483839,23.2089611500996
ai_M_F_S2_V1,revenues_payroll_tax,1970.92352019412,2039.14345249234,68.2199322982249
ai_M_F_S2_V1,revenues_income_tax,3010.43359034049,3072.68561230794,62.2520219674484
ai_M_F_S2_V1,outlays_tax_credits,100.96774507013,89.7749053330599,-11.1928397370698
ai_M_F_S2_V1,revenues_corp_tax,530.244818223809,530.244818223809,0
ai_M_F_S2_V1,revenues_estate_tax,36.166,36.166,0
ai_M_F_S2_V1,revenues_vat,0,0,0
ai_M_F_S2_V1,revenues_other,610.957,610.957,0
ai_M_F_S2_V1,total,6057.75718368829,6199.42197769103,141.664794002742
ai_R_F_S2_V1,revenues_payroll_tax,1970.92352019412,2107.61310981609,136.689589621974
ai_R_F_S2_V1,revenues_income_tax,3010.43359034049,3136.48898549565,126.055395155165
ai_R_F_S2_V1,outlays_tax_credits,100.96774507013,78.6301514701625,-22.3375935999672
ai_R_F_S2_V1,revenues_corp_tax,530.244818223809,530.244818223809,0
ai_R_F_S2_V1,revenues_estate_tax,36.166,36.166,0
ai_R_F_S2_V1,revenues_vat,0,0,0
ai_R_F_S2_V1,revenues_other,610.957,610.957,0
ai_R_F_S2_V1,total,6057.75718368829,6342.83976206539,285.082578377105
ai_S_R_S3_V1,revenues_payroll_tax,1970.92352019412,1962.98554955113,-7.93797064299088
ai_S_R_S3_V1,revenues_income_tax,3010.43359034049,3023.09080252894,12.6572121884519
ai_S_R_S3_V1,outlays_tax_credits,100.96774507013,102.420857738251,1.45311266812115
ai_S_R_S3_V1,revenues_corp_tax,530.244818223809,530.244818223809,0
ai_S_R_S3_V1,revenues_estate_tax,36.166,36.166,0
ai_S_R_S3_V1,revenues_vat,0,0,0
ai_S_R_S3_V1,revenues_other,610.957,610.957,0
ai_S_R_S3_V1,total,6057.75718368829,6061.02331256563,3.26612887733972
ai_M_R_S3_V1,revenues_payroll_tax,1970.92352019412,1949.91516828272,-21.0083519114044
ai_M_R_S3_V1,revenues_income_tax,3010.43359034049,3127.66863442254,117.235044082048
ai_M_R_S3_V1,outlays_tax_credits,100.96774507013,106.858683756629,5.89093868649896
ai_M_R_S3_V1,revenues_corp_tax,530.244818223809,530.244818223809,0
ai_M_R_S3_V1,revenues_estate_tax,36.166,36.166,0
ai_M_R_S3_V1,revenues_vat,0,0,0
ai_M_R_S3_V1,revenues_other,610.957,610.957,0
ai_M_R_S3_V1,total,6057.75718368829,6148.09293717243,90.3357534841434
ai_R_R_S3_V1,revenues_payroll_tax,1970.92352019412,1907.49927360567,-63.4242465884479
ai_R_R_S3_V1,revenues_income_tax,3010.43359034049,3219.40250129783,208.968910957338
ai_R_R_S3_V1,outlays_tax_credits,100.96774507013,114.468920469056,13.5011753989266
ai_R_R_S3_V1,revenues_corp_tax,530.244818223809,530.244818223809,0
ai_R_R_S3_V1,revenues_estate_tax,36.166,36.166,0
ai_R_R_S3_V1,revenues_vat,0,0,0
ai_R_R_S3_V1,revenues_other,610.957,610.957,0
ai_R_R_S3_V1,total,6057.75718368829,6189.80067265825,132.043488969963
ai_S_F_S3_V1,revenues_payroll_tax,1970.92352019412,1973.75964457918,2.83612438506179
ai_S_F_S3_V1,revenues_income_tax,3010.43359034049,3038.07279692626,27.6392065857717
ai_S_F_S3_V1,outlays_tax_credits,100.96774507013,101.312094866249,0.344349796119772
ai_S_F_S3_V1,revenues_corp_tax,530.244818223809,530.244818223809,0
ai_S_F_S3_V1,revenues_estate_tax,36.166,36.166,0
ai_S_F_S3_V1,revenues_vat,0,0,0
ai_S_F_S3_V1,revenues_other,610.957,610.957,0
ai_S_F_S3_V1,total,6057.75718368829,6087.888164863,30.1309811747133
ai_M_F_S3_V1,revenues_payroll_tax,1970.92352019412,1986.65573803975,15.7322178456257
ai_M_F_S3_V1,revenues_income_tax,3010.43359034049,3181.3194935666,170.885903226109
ai_M_F_S3_V1,outlays_tax_credits,100.96774507013,103.175353309979,2.20760823984881
ai_M_F_S3_V1,revenues_corp_tax,530.244818223809,530.244818223809,0
ai_M_F_S3_V1,revenues_estate_tax,36.166,36.166,0
ai_M_F_S3_V1,revenues_vat,0,0,0
ai_M_F_S3_V1,revenues_other,610.957,610.957,0
ai_M_F_S3_V1,total,6057.75718368829,6242.16769652018,184.410512831886
ai_R_F_S3_V1,revenues_payroll_tax,1970.92352019412,1998.8998496521,27.9763294579834
ai_R_F_S3_V1,revenues_income_tax,3010.43359034049,3359.73633312946,349.30274278897
ai_R_F_S3_V1,outlays_tax_credits,100.96774507013,105.640859957703,4.67311488757372
ai_R_F_S3_V1,revenues_corp_tax,530.244818223809,530.244818223809,0
ai_R_F_S3_V1,revenues_estate_tax,36.166,36.166,0
ai_R_F_S3_V1,revenues_vat,0,0,0
ai_R_F_S3_V1,revenues_other,610.957,610.957,0
ai_R_F_S3_V1,total,6057.75718368829,6430.36314104767,372.605957359378
