income_concept,group_type,group,share_baseline,share_cf,scenario_id,delta
aftertax,decile,decile_1,0.0100960080858408,0.0100370864943638,ai_M_F_S0_V1,-5.89215914769629e-05
aftertax,decile,decile_10,0.437743902133577,0.438242868538692,ai_M_F_S0_V1,0.000498966405115153
aftertax,decile,decile_2,0.0209605654775322,0.020840849090534,ai_M_F_S0_V1,-0.000119716386998241
aftertax,decile,decile_3,0.0294825409433587,0.0293001262684147,ai_M_F_S0_V1,-0.000182414674944023
aftertax,decile,decile_4,0.0401254740664868,0.0400535036689399,ai_M_F_S0_V1,-7.19703975469097e-05
aftertax,decile,decile_5,0.0505481918625165,0.0504898548339524,ai_M_F_S0_V1,-5.83370285641011e-05
aftertax,decile,decile_6,0.0637488936930448,0.0637204289259332,ai_M_F_S0_V1,-2.84647671115745e-05
aftertax,decile,decile_7,0.0817771336607755,0.0818107863934112,ai_M_F_S0_V1,3.36527326356695e-05
aftertax,decile,decile_8,0.11027198132228,0.110291920941631,ai_M_F_S0_V1,1.99396193501511e-05
aftertax,decile,decile_9,0.155245308754587,0.155212574844128,ai_M_F_S0_V1,-3.27339104591595e-05
aftertax,top,top_0.1_pct,0.0829116119121286,0.0822713428608782,ai_M_F_S0_V1,-0.000640269051250364
aftertax,top,top_10_pct,0.437743902133577,0.438242868538692,ai_M_F_S0_V1,0.000498966405115153
aftertax,top,top_1_pct,0.178555084770619,0.177980630476851,ai_M_F_S0_V1,-0.000574454293768012
aftertax,top,top_5_pct,0.327711918281267,0.327831929406415,ai_M_F_S0_V1,0.000120011125148034
pretax,decile,decile_1,0.00856832224614016,0.00850729506068553,ai_M_F_S0_V1,-6.10271854546308e-05
pretax,decile,decile_10,0.473016346433154,0.473648589165911,ai_M_F_S0_V1,0.000632242732756416
pretax,decile,decile_2,0.0177830551686424,0.0176698964897865,ai_M_F_S0_V1,-0.000113158678855901
pretax,decile,decile_3,0.0248385306407958,0.0246653206304381,ai_M_F_S0_V1,-0.000173210010357666
pretax,decile,decile_4,0.0351497865307603,0.0350642281944304,ai_M_F_S0_V1,-8.55583363299078e-05
pretax,decile,decile_5,0.0456625036207309,0.0456119939277919,ai_M_F_S0_V1,-5.0509692939002e-05
pretax,decile,decile_6,0.0592514218293442,0.0591871170893025,ai_M_F_S0_V1,-6.43047400417096e-05
pretax,decile,decile_7,0.0770071433031966,0.07703334662144,ai_M_F_S0_V1,2.6203318243434e-05
pretax,decile,decile_8,0.10569921853301,0.105618455415741,ai_M_F_S0_V1,-8.07631172692336e-05
pretax,decile,decile_9,0.153023671694225,0.152993757404474,ai_M_F_S0_V1,-2.99142897517979e-05
pretax,top,top_0.1_pct,0.0983158933105191,0.097450919711492,ai_M_F_S0_V1,-0.000864973599027041
pretax,top,top_10_pct,0.473016346433154,0.473648589165911,ai_M_F_S0_V1,0.000632242732756416
pretax,top,top_1_pct,0.205513514569439,0.204867363834292,ai_M_F_S0_V1,-0.000646150735147844
pretax,top,top_5_pct,0.361808605653322,0.361989529805608,ai_M_F_S0_V1,0.000180924152286543
aftertax,decile,decile_1,0.0100960080858408,0.0106001238948657,ai_M_F_S2_V1,0.000504115809024925
aftertax,decile,decile_10,0.437743902133577,0.428123090223134,ai_M_F_S2_V1,-0.00962081191044362
aftertax,decile,decile_2,0.0209605654775322,0.0217306463693167,ai_M_F_S2_V1,0.000770080891784489
aftertax,decile,decile_3,0.0294825409433587,0.030380468408691,ai_M_F_S2_V1,0.000897927465332338
aftertax,decile,decile_4,0.0401254740664868,0.0414740409625835,ai_M_F_S2_V1,0.00134856689609669
aftertax,decile,decile_5,0.0505481918625165,0.0520017968385778,ai_M_F_S2_V1,0.0014536049760613
aftertax,decile,decile_6,0.0637488936930448,0.0652541243450736,ai_M_F_S2_V1,0.00150523065202887
aftertax,decile,decile_7,0.0817771336607755,0.0833267780640671,ai_M_F_S2_V1,0.00154964440329156
aftertax,decile,decile_8,0.11027198132228,0.11150898950124,ai_M_F_S2_V1,0.00123700817895911
aftertax,decile,decile_9,0.155245308754587,0.155599941392451,ai_M_F_S2_V1,0.000354632637864338
aftertax,top,top_0.1_pct,0.0829116119121286,0.0785517065359805,ai_M_F_S2_V1,-0.00435990537614805
aftertax,top,top_10_pct,0.437743902133577,0.428123090223134,ai_M_F_S2_V1,-0.00962081191044362
aftertax,top,top_1_pct,0.178555084770619,0.171049850669638,ai_M_F_S2_V1,-0.00750523410098092
aftertax,top,top_5_pct,0.327711918281267,0.318297257826361,ai_M_F_S2_V1,-0.00941466045490613
pretax,decile,decile_1,0.00856832224614016,0.00903823311144092,ai_M_F_S2_V1,0.000469910865300762
pretax,decile,decile_10,0.473016346433154,0.461765994435547,ai_M_F_S2_V1,-0.0112503519976068
pretax,decile,decile_2,0.0177830551686424,0.0186202027434195,ai_M_F_S2_V1,0.00083714757477709
pretax,decile,decile_3,0.0248385306407958,0.0257379796362834,ai_M_F_S2_V1,0.000899448995487679
pretax,decile,decile_4,0.0351497865307603,0.0365661398961635,ai_M_F_S2_V1,0.00141635336540322
pretax,decile,decile_5,0.0456625036207309,0.0473147046322044,ai_M_F_S2_V1,0.00165220101147352
pretax,decile,decile_6,0.0592514218293442,0.0609388973962222,ai_M_F_S2_V1,0.00168747556687801
pretax,decile,decile_7,0.0770071433031966,0.0789110641166864,ai_M_F_S2_V1,0.00190392081348978
pretax,decile,decile_8,0.10569921853301,0.107211032859055,ai_M_F_S2_V1,0.0015118143260453
pretax,decile,decile_9,0.153023671694225,0.153895751172977,ai_M_F_S2_V1,0.000872079478751453
pretax,top,top_0.1_pct,0.0983158933105191,0.0926272959533492,ai_M_F_S2_V1,-0.00568859735716987
pretax,top,top_10_pct,0.473016346433154,0.461765994435547,ai_M_F_S2_V1,-0.0112503519976068
pretax,top,top_1_pct,0.205513514569439,0.196006245552812,ai_M_F_S2_V1,-0.00950726901662724
pretax,top,top_5_pct,0.361808605653322,0.35044205734025,ai_M_F_S2_V1,-0.0113665483130719
aftertax,decile,decile_1,0.0100960080858408,0.00947884248929025,ai_M_F_S3_V1,-0.00061716559655055
aftertax,decile,decile_10,0.437743902133577,0.448653092595489,ai_M_F_S3_V1,0.0109091904619121
aftertax,decile,decile_2,0.0209605654775322,0.0199648548014145,ai_M_F_S3_V1,-0.000995710676117718
aftertax,decile,decile_3,0.0294825409433587,0.0282837224021282,ai_M_F_S3_V1,-0.00119881854123044
aftertax,decile,decile_4,0.0401254740664868,0.0386539434916871,ai_M_F_S3_V1,-0.0014715305747997
aftertax,decile,decile_5,0.0505481918625165,0.0489733188728956,ai_M_F_S3_V1,-0.00157487298962097
aftertax,decile,decile_6,0.0637488936930448,0.0621722609861337,ai_M_F_S3_V1,-0.00157663270691102
aftertax,decile,decile_7,0.0817771336607755,0.0802395750927368,ai_M_F_S3_V1,-0.00153755856803867
aftertax,decile,decile_8,0.11027198132228,0.108949887197508,ai_M_F_S3_V1,-0.00132209412477285
aftertax,decile,decile_9,0.155245308754587,0.154630502070717,ai_M_F_S3_V1,-0.000614806683870151
aftertax,top,top_0.1_pct,0.0829116119121286,0.0865067380238709,ai_M_F_S3_V1,0.00359512611174229
aftertax,top,top_10_pct,0.437743902133577,0.448653092595489,ai_M_F_S3_V1,0.0109091904619121
aftertax,top,top_1_pct,0.178555084770619,0.18552571306532,ai_M_F_S3_V1,0.00697062829470097
aftertax,top,top_5_pct,0.327711918281267,0.337816935823195,ai_M_F_S3_V1,0.0101050175419278
pretax,decile,decile_1,0.00856832224614016,0.00797359815807005,ai_M_F_S3_V1,-0.000594724088070108
pretax,decile,decile_10,0.473016346433154,0.485834593540061,ai_M_F_S3_V1,0.0128182471069065
pretax,decile,decile_2,0.0177830551686424,0.0167584275777546,ai_M_F_S3_V1,-0.00102462759088783
pretax,decile,decile_3,0.0248385306407958,0.0236517411172182,ai_M_F_S3_V1,-0.00118678952357754
pretax,decile,decile_4,0.0351497865307603,0.0336044845443922,ai_M_F_S3_V1,-0.00154530198636813
pretax,decile,decile_5,0.0456625036207309,0.0439138067922248,ai_M_F_S3_V1,-0.00174869682850608
pretax,decile,decile_6,0.0592514218293442,0.0574149790960787,ai_M_F_S3_V1,-0.00183644273326553
pretax,decile,decile_7,0.0770071433031966,0.0751075875612056,ai_M_F_S3_V1,-0.00189955574199097
pretax,decile,decile_8,0.10569921853301,0.103884191449148,ai_M_F_S3_V1,-0.00181502708386161
pretax,decile,decile_9,0.153023671694225,0.151856590163847,ai_M_F_S3_V1,-0.0011670815303787
pretax,top,top_0.1_pct,0.0983158933105191,0.102935193399929,ai_M_F_S3_V1,0.00461930008941003
pretax,top,top_10_pct,0.473016346433154,0.485834593540061,ai_M_F_S3_V1,0.0128182471069065
pretax,top,top_1_pct,0.205513514569439,0.214483557558746,ai_M_F_S3_V1,0.00897004298930615
pretax,top,top_5_pct,0.361808605653322,0.374053866445405,ai_M_F_S3_V1,0.012245260792083
aftertax,decile,decile_1,0.0100960080858408,0.00997818499223044,ai_M_R_S0_V1,-0.00011782309361036
aftertax,decile,decile_10,0.437743902133577,0.440038473252487,ai_M_R_S0_V1,0.00229457111890941
aftertax,decile,decile_2,0.0209605654775322,0.0207535467295925,ai_M_R_S0_V1,-0.000207018747939703
aftertax,decile,decile_3,0.0294825409433587,0.0292096973769699,ai_M_R_S0_V1,-0.00027284356638875
aftertax,decile,decile_4,0.0401254740664868,0.0398259743734197,ai_M_R_S0_V1,-0.000299499693067105
aftertax,decile,decile_5,0.0505481918625165,0.0502158783802713,ai_M_R_S0_V1,-0.000332313482245245
aftertax,decile,decile_6,0.0637488936930448,0.0634123925468126,ai_M_R_S0_V1,-0.000336501146232182
aftertax,decile,decile_7,0.0817771336607755,0.0814352517836298,ai_M_R_S0_V1,-0.000341881877145678
aftertax,decile,decile_8,0.11027198132228,0.109939057928888,ai_M_R_S0_V1,-0.000332923393392248
aftertax,decile,decile_9,0.155245308754587,0.155191542635699,ai_M_R_S0_V1,-5.37661188881322e-05
aftertax,top,top_0.1_pct,0.0829116119121286,0.0828914733847102,ai_M_R_S0_V1,-2.01385274184451e-05
aftertax,top,top_10_pct,0.437743902133577,0.440038473252487,ai_M_R_S0_V1,0.00229457111890941
aftertax,top,top_1_pct,0.178555084770619,0.179180253681046,ai_M_R_S0_V1,0.000625168910426521
aftertax,top,top_5_pct,0.327711918281267,0.329564539915399,ai_M_R_S0_V1,0.00185262163413213
pretax,decile,decile_1,0.00856832224614016,0.00845832803107534,ai_M_R_S0_V1,-0.000109994215064821
pretax,decile,decile_10,0.473016346433154,0.475348537939228,ai_M_R_S0_V1,0.002332191506074
pretax,decile,decile_2,0.0177830551686424,0.0175806256702023,ai_M_R_S0_V1,-0.000202429498440185
pretax,decile,decile_3,0.0248385306407958,0.024578777126346,ai_M_R_S0_V1,-0.000259753514449786
pretax,decile,decile_4,0.0351497865307603,0.0348531313869401,ai_M_R_S0_V1,-0.000296655143820219
pretax,decile,decile_5,0.0456625036207309,0.0453303784724137,ai_M_R_S0_V1,-0.000332125148317181
pretax,decile,decile_6,0.0592514218293442,0.058899703510668,ai_M_R_S0_V1,-0.000351718318676253
pretax,decile,decile_7,0.0770071433031966,0.0766267349612793,ai_M_R_S0_V1,-0.000380408341917327
pretax,decile,decile_8,0.10569921853301,0.105258219656318,ai_M_R_S0_V1,-0.000440998876692467
pretax,decile,decile_9,0.153023671694225,0.15306556324553,ai_M_R_S0_V1,4.18915513042406e-05
pretax,top,top_0.1_pct,0.0983158933105191,0.0981829483636263,ai_M_R_S0_V1,-0.000132944946892755
pretax,top,top_10_pct,0.473016346433154,0.475348537939228,ai_M_R_S0_V1,0.002332191506074
pretax,top,top_1_pct,0.205513514569439,0.206113033877239,ai_M_R_S0_V1,0.000599519307799223
pretax,top,top_5_pct,0.361808605653322,0.363669456028412,ai_M_R_S0_V1,0.00186085037508998
aftertax,decile,decile_1,0.0100960080858408,0.0105437955350152,ai_M_R_S2_V1,0.000447787449174368
aftertax,decile,decile_10,0.437743902133577,0.430103480351365,ai_M_R_S2_V1,-0.00764042178221225
aftertax,decile,decile_2,0.0209605654775322,0.0216451692865731,ai_M_R_S2_V1,0.000684603809040878
aftertax,decile,decile_3,0.0294825409433587,0.0302689036254359,ai_M_R_S2_V1,0.000786362682077161
aftertax,decile,decile_4,0.0401254740664868,0.0412337564099275,ai_M_R_S2_V1,0.00110828234344076
aftertax,decile,decile_5,0.0505481918625165,0.0517136896691475,ai_M_R_S2_V1,0.00116549780663093
aftertax,decile,decile_6,0.0637488936930448,0.0649144175933096,ai_M_R_S2_V1,0.00116552390026484
aftertax,decile,decile_7,0.0817771336607755,0.0829140999986316,ai_M_R_S2_V1,0.00113696633785609
aftertax,decile,decile_8,0.11027198132228,0.111132143629646,ai_M_R_S2_V1,0.000860162307365964
aftertax,decile,decile_9,0.155245308754587,0.155530543900948,ai_M_R_S2_V1,0.000285235146361251
aftertax,top,top_0.1_pct,0.0829116119121286,0.0792504262698834,ai_M_R_S2_V1,-0.00366118564224516
aftertax,top,top_10_pct,0.437743902133577,0.430103480351365,ai_M_R_S2_V1,-0.00764042178221225
aftertax,top,top_1_pct,0.178555084770619,0.172386097991648,ai_M_R_S2_V1,-0.00616898677897104
aftertax,top,top_5_pct,0.327711918281267,0.320211066427573,ai_M_R_S2_V1,-0.00750085185369376
pretax,decile,decile_1,0.00856832224614016,0.00900093947827158,ai_M_R_S2_V1,0.000432617232131423
pretax,decile,decile_10,0.473016346433154,0.463690842297772,ai_M_R_S2_V1,-0.00932550413538247
pretax,decile,decile_2,0.0177830551686424,0.0185232540638137,ai_M_R_S2_V1,0.000740198895171223
pretax,decile,decile_3,0.0248385306407958,0.0256366138569271,ai_M_R_S2_V1,0.00079808321613134
pretax,decile,decile_4,0.0351497865307603,0.0363366082736875,ai_M_R_S2_V1,0.00118682174292718
pretax,decile,decile_5,0.0456625036207309,0.0470166038658308,ai_M_R_S2_V1,0.00135410024509988
pretax,decile,decile_6,0.0592514218293442,0.0606298559401428,ai_M_R_S2_V1,0.0013784341107986
pretax,decile,decile_7,0.0770071433031966,0.0784412088535383,ai_M_R_S2_V1,0.00143406555034167
pretax,decile,decile_8,0.10569921853301,0.106821525477178,ai_M_R_S2_V1,0.00112230694416793
pretax,decile,decile_9,0.153023671694225,0.153902547892839,ai_M_R_S2_V1,0.00087887619861321
pretax,top,top_0.1_pct,0.0983158933105191,0.0934584702915069,ai_M_R_S2_V1,-0.00485742301901215
pretax,top,top_10_pct,0.473016346433154,0.463690842297772,ai_M_R_S2_V1,-0.00932550413538247
pretax,top,top_1_pct,0.205513514569439,0.19742545087981,ai_M_R_S2_V1,-0.00808806368962967
pretax,top,top_5_pct,0.361808605653322,0.352344049425035,ai_M_R_S2_V1,-0.00946455622828635
aftertax,decile,decile_1,0.0100960080858408,0.00940792082312748,ai_M_R_S3_V1,-0.000688087262713326
aftertax,decile,decile_10,0.437743902133577,0.450266053283682,ai_M_R_S3_V1,0.0125221511501046
aftertax,decile,decile_2,0.0209605654775322,0.0198895971861494,ai_M_R_S3_V1,-0.00107096829138281
aftertax,decile,decile_3,0.0294825409433587,0.0282104713849802,ai_M_R_S3_V1,-0.0012720695583785
aftertax,decile,decile_4,0.0401254740664868,0.0384234935801579,ai_M_R_S3_V1,-0.0017019804863289
aftertax,decile,decile_5,0.0505481918625165,0.0487218436081352,ai_M_R_S3_V1,-0.00182634825438134
aftertax,decile,decile_6,0.0637488936930448,0.0618893390263564,ai_M_R_S3_V1,-0.00185955466668838
aftertax,decile,decile_7,0.0817771336607755,0.0799047049578118,ai_M_R_S3_V1,-0.00187242870296372
aftertax,decile,decile_8,0.11027198132228,0.108626094763874,ai_M_R_S3_V1,-0.00164588655840686
aftertax,decile,decile_9,0.155245308754587,0.154660481385726,ai_M_R_S3_V1,-0.00058482736886073
aftertax,top,top_0.1_pct,0.0829116119121286,0.08703980343356,ai_M_R_S3_V1,0.0041281915214314
aftertax,top,top_10_pct,0.437743902133577,0.450266053283682,ai_M_R_S3_V1,0.0125221511501046
aftertax,top,top_1_pct,0.178555084770619,0.186576084185184,ai_M_R_S3_V1,0.00802099941456458
aftertax,top,top_5_pct,0.327711918281267,0.33936442215132,ai_M_R_S3_V1,0.0116525038700531
pretax,decile,decile_1,0.00856832224614016,0.0079177629253825,ai_M_R_S3_V1,-0.000650559320757659
pretax,decile,decile_10,0.473016346433154,0.487306529328008,ai_M_R_S3_V1,0.0142901828948537
pretax,decile,decile_2,0.0177830551686424,0.0166712027477735,ai_M_R_S3_V1,-0.0011118524208689
pretax,decile,decile_3,0.0248385306407958,0.0235907813491347,ai_M_R_S3_V1,-0.00124774929166106
pretax,decile,decile_4,0.0351497865307603,0.0333996416135515,ai_M_R_S3_V1,-0.0017501449172088
pretax,decile,decile_5,0.0456625036207309,0.0436579735018395,ai_M_R_S3_V1,-0.00200453011889141
pretax,decile,decile_6,0.0592514218293442,0.0571486522500556,ai_M_R_S3_V1,-0.00210276957928859
pretax,decile,decile_7,0.0770071433031966,0.0747572485782653,ai_M_R_S3_V1,-0.00224989472493134
pretax,decile,decile_8,0.10569921853301,0.103556518235374,ai_M_R_S3_V1,-0.00214270029763602
pretax,decile,decile_9,0.153023671694225,0.151993689470616,ai_M_R_S3_V1,-0.00102998222360995
pretax,top,top_0.1_pct,0.0983158933105191,0.103558821560632,ai_M_R_S3_V1,0.0052429282501133
pretax,top,top_10_pct,0.473016346433154,0.487306529328008,ai_M_R_S3_V1,0.0142901828948537
pretax,top,top_1_pct,0.205513514569439,0.215533214330118,ai_M_R_S3_V1,0.0100196997606788
pretax,top,top_5_pct,0.361808605653322,0.375500495462813,ai_M_R_S3_V1,0.0136918898094912
aftertax,decile,decile_1,0.0100960080858408,0.00999367016262157,ai_R_F_S0_V1,-0.000102337923219233
aftertax,decile,decile_10,0.437743902133577,0.438753390546571,ai_R_F_S0_V1,0.00100948841299331
aftertax,decile,decile_2,0.0209605654775322,0.0207206615562667,ai_R_F_S0_V1,-0.000239903921265456
aftertax,decile,decile_3,0.0294825409433587,0.0291383596747258,ai_R_F_S0_V1,-0.000344181268632886
aftertax,decile,decile_4,0.0401254740664868,0.0399897735561895,ai_R_F_S0_V1,-0.000135700510297224
aftertax,decile,decile_5,0.0505481918625165,0.050428047388073,ai_R_F_S0_V1,-0.000120144474443529
aftertax,decile,decile_6,0.0637488936930448,0.0636863625917125,ai_R_F_S0_V1,-6.25311013323082e-05
aftertax,decile,decile_7,0.0817771336607755,0.0818508325035237,ai_R_F_S0_V1,7.36988427481877e-05
aftertax,decile,decile_8,0.11027198132228,0.11027685493555,ai_R_F_S0_V1,4.87361326928504e-06
aftertax,decile,decile_9,0.155245308754587,0.155162047084767,ai_R_F_S0_V1,-8.32616698201449e-05
aftertax,top,top_0.1_pct,0.0829116119121286,0.0816765857131746,ai_R_F_S0_V1,-0.00123502619895399
aftertax,top,top_10_pct,0.437743902133577,0.438753390546571,ai_R_F_S0_V1,0.00100948841299331
aftertax,top,top_1_pct,0.178555084770619,0.177457577485544,ai_R_F_S0_V1,-0.00109750728507496
aftertax,top,top_5_pct,0.327711918281267,0.327972774648637,ai_R_F_S0_V1,0.000260856367370721
pretax,decile,decile_1,0.00856832224614016,0.00845848349587734,ai_R_F_S0_V1,-0.000109838750262822
pretax,decile,decile_10,0.473016346433154,0.474300814005214,ai_R_F_S0_V1,0.00128446757205936
pretax,decile,decile_2,0.0177830551686424,0.0175630970369221,ai_R_F_S0_V1,-0.000219958131720325
pretax,decile,decile_3,0.0248385306407958,0.024499237859117,ai_R_F_S0_V1,-0.000339292781678734
pretax,decile,decile_4,0.0351497865307603,0.0349890268248376,ai_R_F_S0_V1,-0.00016075970592274
pretax,decile,decile_5,0.0456625036207309,0.0455594649939524,ai_R_F_S0_V1,-0.000103038626778448
pretax,decile,decile_6,0.0592514218293442,0.0591117250902476,ai_R_F_S0_V1,-0.000139696739096612
pretax,decile,decile_7,0.0770071433031966,0.0770647232368354,ai_R_F_S0_V1,5.75799336388072e-05
pretax,decile,decile_8,0.10569921853301,0.105517439612715,ai_R_F_S0_V1,-0.000181778920294862
pretax,decile,decile_9,0.153023671694225,0.152935987844282,ai_R_F_S0_V1,-8.76838499436206e-05
pretax,top,top_0.1_pct,0.0983158933105191,0.0966419957755145,ai_R_F_S0_V1,-0.00167389753500458
pretax,top,top_10_pct,0.473016346433154,0.474300814005214,ai_R_F_S0_V1,0.00128446757205936
pretax,top,top_1_pct,0.205513514569439,0.204268289468831,ai_R_F_S0_V1,-0.00124522510060854
pretax,top,top_5_pct,0.361808605653322,0.362197149430018,ai_R_F_S0_V1,0.000388543776696171
aftertax,decile,decile_1,0.0100960080858408,0.0110471954057033,ai_R_F_S2_V1,0.000951187319862469
aftertax,decile,decile_10,0.437743902133577,0.418724407230731,ai_R_F_S2_V1,-0.0190194949028458
aftertax,decile,decile_2,0.0209605654775322,0.0225298967706143,ai_R_F_S2_V1,0.00156933129308215
aftertax,decile,decile_3,0.0294825409433587,0.0313339945079088,ai_R_F_S2_V1,0.00185145356455014
aftertax,decile,decile_4,0.0401254740664868,0.0428625022595427,ai_R_F_S2_V1,0.00273702819305598
aftertax,decile,decile_5,0.0505481918625165,0.0534835543528447,ai_R_F_S2_V1,0.00293536249032816
aftertax,decile,decile_6,0.0637488936930448,0.0667524562660612,ai_R_F_S2_V1,0.00300356257301646
aftertax,decile,decile_7,0.0817771336607755,0.0848622778435177,ai_R_F_S2_V1,0.00308514418274222
aftertax,decile,decile_8,0.11027198132228,0.1126197724415,ai_R_F_S2_V1,0.00234779111921951
aftertax,decile,decile_9,0.155245308754587,0.155783942921576,ai_R_F_S2_V1,0.000538634166988738
aftertax,top,top_0.1_pct,0.0829116119121286,0.0746407628504573,ai_R_F_S2_V1,-0.0082708490616713
aftertax,top,top_10_pct,0.437743902133577,0.418724407230731,ai_R_F_S2_V1,-0.0190194949028458
aftertax,top,top_1_pct,0.178555084770619,0.164057531108391,ai_R_F_S2_V1,-0.0144975536622277
aftertax,top,top_5_pct,0.327711918281267,0.309250372673444,ai_R_F_S2_V1,-0.0184615456078228
pretax,decile,decile_1,0.00856832224614016,0.00945456243850884,ai_R_F_S2_V1,0.00088624019236868
pretax,decile,decile_10,0.473016346433154,0.450757463967472,ai_R_F_S2_V1,-0.0222588824656825
pretax,decile,decile_2,0.0177830551686424,0.0194581802342299,ai_R_F_S2_V1,0.00167512506558743
pretax,decile,decile_3,0.0248385306407958,0.0267245778116719,ai_R_F_S2_V1,0.00188604717087612
pretax,decile,decile_4,0.0351497865307603,0.0380563706586671,ai_R_F_S2_V1,0.00290658412790677
pretax,decile,decile_5,0.0456625036207309,0.048974446289624,ai_R_F_S2_V1,0.00331194266889313
pretax,decile,decile_6,0.0592514218293442,0.0626429885218922,ai_R_F_S2_V1,0.00339156669254795
pretax,decile,decile_7,0.0770071433031966,0.080768211555245,ai_R_F_S2_V1,0.00376106825204839
pretax,decile,decile_8,0.10569921853301,0.108602128150833,ai_R_F_S2_V1,0.00290290961782264
pretax,decile,decile_9,0.153023671694225,0.154561070371857,ai_R_F_S2_V1,0.00153739867763142
pretax,top,top_0.1_pct,0.0983158933105191,0.0875238930944217,ai_R_F_S2_V1,-0.0107920002160974
pretax,top,top_10_pct,0.473016346433154,0.450757463967472,ai_R_F_S2_V1,-0.0222588824656825
pretax,top,top_1_pct,0.205513514569439,0.18714915486404,ai_R_F_S2_V1,-0.0183643597053992
pretax,top,top_5_pct,0.361808605653322,0.339500504364191,ai_R_F_S2_V1,-0.022308101289131
aftertax,decile,decile_1,0.0100960080858408,0.00888801948259609,ai_R_F_S3_V1,-0.00120798860324472
aftertax,decile,decile_10,0.437743902133577,0.460015537833029,ai_R_F_S3_V1,0.0222716356994512
aftertax,decile,decile_2,0.0209605654775322,0.0190145926377349,ai_R_F_S3_V1,-0.00194597283979732
aftertax,decile,decile_3,0.0294825409433587,0.0271235598107294,ai_R_F_S3_V1,-0.0023589811326293
aftertax,decile,decile_4,0.0401254740664868,0.0371801453107587,ai_R_F_S3_V1,-0.00294532875572807
aftertax,decile,decile_5,0.0505481918625165,0.0473850264748199,ai_R_F_S3_V1,-0.00316316538769669
aftertax,decile,decile_6,0.0637488936930448,0.0605411081977035,ai_R_F_S3_V1,-0.00320778549534131
aftertax,decile,decile_7,0.0817771336607755,0.0786151327701877,ai_R_F_S3_V1,-0.0031620008905878
aftertax,decile,decile_8,0.11027198132228,0.107453208727083,ai_R_F_S3_V1,-0.00281877259519719
aftertax,decile,decile_9,0.155245308754587,0.153783668755358,ai_R_F_S3_V1,-0.00146163999922883
aftertax,top,top_0.1_pct,0.0829116119121286,0.0908005354032446,ai_R_F_S3_V1,0.00788892349111603
aftertax,top,top_10_pct,0.437743902133577,0.460015537833029,ai_R_F_S3_V1,0.0222716356994512
aftertax,top,top_1_pct,0.178555084770619,0.193338449924789,ai_R_F_S3_V1,0.0147833651541701
aftertax,top,top_5_pct,0.327711918281267,0.348555534077673,ai_R_F_S3_V1,0.0208436157964063
pretax,decile,decile_1,0.00856832224614016,0.00741004532690274,ai_R_F_S3_V1,-0.00115827691923742
pretax,decile,decile_10,0.473016346433154,0.499150883621422,ai_R_F_S3_V1,0.0261345371882675
pretax,decile,decile_2,0.0177830551686424,0.0157730244643119,ai_R_F_S3_V1,-0.00201003070433051
pretax,decile,decile_3,0.0248385306407958,0.022507788753356,ai_R_F_S3_V1,-0.00233074188743977
pretax,decile,decile_4,0.0351497865307603,0.0320652251651828,ai_R_F_S3_V1,-0.00308456136557747
pretax,decile,decile_5,0.0456625036207309,0.0421615251751895,ai_R_F_S3_V1,-0.00350097844554143
pretax,decile,decile_6,0.0592514218293442,0.0555243948151831,ai_R_F_S3_V1,-0.0037270270141611
pretax,decile,decile_7,0.0770071433031966,0.0731204803559331,ai_R_F_S3_V1,-0.00388666294726353
pretax,decile,decile_8,0.10569921853301,0.101893535986665,ai_R_F_S3_V1,-0.00380568254634545
pretax,decile,decile_9,0.153023671694225,0.150393096335855,ai_R_F_S3_V1,-0.00263057535837086
pretax,top,top_0.1_pct,0.0983158933105191,0.108424353979506,ai_R_F_S3_V1,0.0101084606689865
pretax,top,top_10_pct,0.473016346433154,0.499150883621422,ai_R_F_S3_V1,0.0261345371882675
pretax,top,top_1_pct,0.205513514569439,0.224446043171451,ai_R_F_S3_V1,0.0189325286020114
pretax,top,top_5_pct,0.361808605653322,0.387022525549956,ai_R_F_S3_V1,0.025213919896634
aftertax,decile,decile_1,0.0100960080858408,0.00984577007805192,ai_R_R_S0_V1,-0.000250238007788879
aftertax,decile,decile_10,0.437743902133577,0.443602353463188,ai_R_R_S0_V1,0.00585845132961027
aftertax,decile,decile_2,0.0209605654775322,0.0204952023838411,ai_R_R_S0_V1,-0.00046536309369111
aftertax,decile,decile_3,0.0294825409433587,0.028889017082441,ai_R_R_S0_V1,-0.000593523860917697
aftertax,decile,decile_4,0.0401254740664868,0.0393576843032868,ai_R_R_S0_V1,-0.000767789763199966
aftertax,decile,decile_5,0.0505481918625165,0.0497181749136856,ai_R_R_S0_V1,-0.000830016948830919
aftertax,decile,decile_6,0.0637488936930448,0.0628513353942314,ai_R_R_S0_V1,-0.000897558298813356
aftertax,decile,decile_7,0.0817771336607755,0.0808395650006411,ai_R_R_S0_V1,-0.000937568660134364
aftertax,decile,decile_8,0.11027198132228,0.109350072836551,ai_R_R_S0_V1,-0.00092190848572965
aftertax,decile,decile_9,0.155245308754587,0.155050824544083,ai_R_R_S0_V1,-0.000194484210504331
aftertax,top,top_0.1_pct,0.0829116119121286,0.0832493229429728,ai_R_R_S0_V1,0.000337711030844234
aftertax,top,top_10_pct,0.437743902133577,0.443602353463188,ai_R_R_S0_V1,0.00585845132961027
aftertax,top,top_1_pct,0.178555084770619,0.180532089638522,ai_R_R_S0_V1,0.00197700486790253
aftertax,top,top_5_pct,0.327711918281267,0.332675702796339,ai_R_R_S0_V1,0.00496378451507196
pretax,decile,decile_1,0.00856832224614016,0.00833098941340439,ai_R_R_S0_V1,-0.000237332832735773
pretax,decile,decile_10,0.473016346433154,0.478992240299841,ai_R_R_S0_V1,0.00597589386668629
pretax,decile,decile_2,0.0177830551686424,0.0173282259849503,ai_R_R_S0_V1,-0.000454829183692138
pretax,decile,decile_3,0.0248385306407958,0.0242660744608302,ai_R_R_S0_V1,-0.00057245617996559
pretax,decile,decile_4,0.0351497865307603,0.034395574169293,ai_R_R_S0_V1,-0.00075421236146727
pretax,decile,decile_5,0.0456625036207309,0.0448302948684114,ai_R_R_S0_V1,-0.000832208752319527
pretax,decile,decile_6,0.0592514218293442,0.0583304399535834,ai_R_R_S0_V1,-0.000920981875760812
pretax,decile,decile_7,0.0770071433031966,0.0759753285340157,ai_R_R_S0_V1,-0.00103181476918096
pretax,decile,decile_8,0.10569921853301,0.104548164249607,ai_R_R_S0_V1,-0.00115105428340268
pretax,decile,decile_9,0.153023671694225,0.153002668066064,ai_R_R_S0_V1,-2.10036281615422e-05
pretax,top,top_0.1_pct,0.0983158933105191,0.0984914044819557,ai_R_R_S0_V1,0.00017551117143666
pretax,top,top_10_pct,0.473016346433154,0.478992240299841,ai_R_R_S0_V1,0.00597589386668629
pretax,top,top_1_pct,0.205513514569439,0.207479231409748,ai_R_R_S0_V1,0.001965716840309
pretax,top,top_5_pct,0.361808605653322,0.366816699723471,ai_R_R_S0_V1,0.00500809407014968
aftertax,decile,decile_1,0.0100960080858408,0.0109697787749198,ai_R_R_S2_V1,0.000873770689079
aftertax,decile,decile_10,0.437743902133577,0.424435441183563,ai_R_R_S2_V1,-0.0133084609500143
aftertax,decile,decile_2,0.0209605654775322,0.022282798174045,ai_R_R_S2_V1,0.00132223269651278
aftertax,decile,decile_3,0.0294825409433587,0.0310110741008415,ai_R_R_S2_V1,0.00152853315748277
aftertax,decile,decile_4,0.0401254740664868,0.0421883523900105,ai_R_R_S2_V1,0.0020628783235237
aftertax,decile,decile_5,0.0505481918625165,0.0526694495993404,ai_R_R_S2_V1,0.00212125773682383
aftertax,decile,decile_6,0.0637488936930448,0.0657802736760357,ai_R_R_S2_V1,0.00203137998299097
aftertax,decile,decile_7,0.0817771336607755,0.0836550751525048,ai_R_R_S2_V1,0.00187794149172929
aftertax,decile,decile_8,0.11027198132228,0.111551499632339,ai_R_R_S2_V1,0.00127951831005851
aftertax,decile,decile_9,0.155245308754587,0.1554562573164,ai_R_R_S2_V1,0.000210948561813418
aftertax,top,top_0.1_pct,0.0829116119121286,0.0765871329708042,ai_R_R_S2_V1,-0.00632447894132437
aftertax,top,top_10_pct,0.437743902133577,0.424435441183563,ai_R_R_S2_V1,-0.0133084609500143
aftertax,top,top_1_pct,0.178555084770619,0.167805028787959,ai_R_R_S2_V1,-0.0107500559826599
aftertax,top,top_5_pct,0.327711918281267,0.314836012435625,ai_R_R_S2_V1,-0.0128759058456415
pretax,decile,decile_1,0.00856832224614016,0.00940400553974014,ai_R_R_S2_V1,0.000835683293599983
pretax,decile,decile_10,0.473016346433154,0.456529331927865,ai_R_R_S2_V1,-0.0164870145052896
pretax,decile,decile_2,0.0177830551686424,0.0192155943224258,ai_R_R_S2_V1,0.00143253915378333
pretax,decile,decile_3,0.0248385306407958,0.0263984583550819,ai_R_R_S2_V1,0.00155992771428616
pretax,decile,decile_4,0.0351497865307603,0.0373836177260052,ai_R_R_S2_V1,0.00223383119524493
pretax,decile,decile_5,0.0456625036207309,0.048144696851596,ai_R_R_S2_V1,0.00248219323086508
pretax,decile,decile_6,0.0592514218293442,0.0617065236632375,ai_R_R_S2_V1,0.00245510183389333
pretax,decile,decile_7,0.0770071433031966,0.0794204638828585,ai_R_R_S2_V1,0.00241332057966193
pretax,decile,decile_8,0.10569921853301,0.107450698995603,ai_R_R_S2_V1,0.00175148046259288
pretax,decile,decile_9,0.153023671694225,0.154346608735587,ai_R_R_S2_V1,0.00132293704136194
pretax,top,top_0.1_pct,0.0983158933105191,0.0898384477291127,ai_R_R_S2_V1,-0.0084774455814064
pretax,top,top_10_pct,0.473016346433154,0.456529331927865,ai_R_R_S2_V1,-0.0164870145052896
pretax,top,top_1_pct,0.205513514569439,0.191200839455637,ai_R_R_S2_V1,-0.0143126751138027
pretax,top,top_5_pct,0.361808605653322,0.345230947512066,ai_R_R_S2_V1,-0.0165776581412559
aftertax,decile,decile_1,0.0100960080858408,0.00872683553399435,ai_R_R_S3_V1,-0.00136917255184645
aftertax,decile,decile_10,0.437743902133577,0.463922267059736,ai_R_R_S3_V1,0.0261783649261586
aftertax,decile,decile_2,0.0209605654775322,0.0188195878993801,ai_R_R_S3_V1,-0.00214097757815213
aftertax,decile,decile_3,0.0294825409433587,0.0269599835560972,ai_R_R_S3_V1,-0.00252255738726145
aftertax,decile,decile_4,0.0401254740664868,0.036590183969971,ai_R_R_S3_V1,-0.00353529009651579
aftertax,decile,decile_5,0.0505481918625165,0.0467810054159121,ai_R_R_S3_V1,-0.00376718644660447
aftertax,decile,decile_6,0.0637488936930448,0.0598194279647166,ai_R_R_S3_V1,-0.00392946572832817
aftertax,decile,decile_7,0.0817771336607755,0.0778221154366674,ai_R_R_S3_V1,-0.0039550182241081
aftertax,decile,decile_8,0.11027198132228,0.106655265362446,ai_R_R_S3_V1,-0.00361671595983448
aftertax,decile,decile_9,0.155245308754587,0.15390332780108,ai_R_R_S3_V1,-0.00134198095350752
aftertax,top,top_0.1_pct,0.0829116119121286,0.09191063128991,ai_R_R_S3_V1,0.00899901937778136
aftertax,top,top_10_pct,0.437743902133577,0.463922267059736,ai_R_R_S3_V1,0.0261783649261586
aftertax,top,top_1_pct,0.178555084770619,0.195624009364899,ai_R_R_S3_V1,0.0170689245942797
aftertax,top,top_5_pct,0.327711918281267,0.352283052781239,ai_R_R_S3_V1,0.0245711344999726
pretax,decile,decile_1,0.00856832224614016,0.00729600126261483,ai_R_R_S3_V1,-0.00127232098352533
pretax,decile,decile_10,0.473016346433154,0.502650672475838,ai_R_R_S3_V1,0.0296343260426841
pretax,decile,decile_2,0.0177830551686424,0.0155732368544749,ai_R_R_S3_V1,-0.00220981831416758
pretax,decile,decile_3,0.0248385306407958,0.0223708215555088,ai_R_R_S3_V1,-0.00246770908528695
pretax,decile,decile_4,0.0351497865307603,0.0315433413209961,ai_R_R_S3_V1,-0.00360644520976418
pretax,decile,decile_5,0.0456625036207309,0.0415366079539753,ai_R_R_S3_V1,-0.00412589566675557
pretax,decile,decile_6,0.0592514218293442,0.0548648271617046,ai_R_R_S3_V1,-0.00438659466763965
pretax,decile,decile_7,0.0770071433031966,0.0723153352833149,ai_R_R_S3_V1,-0.00469180801988167
pretax,decile,decile_8,0.10569921853301,0.101096503190881,ai_R_R_S3_V1,-0.00460271534212933
pretax,decile,decile_9,0.153023671694225,0.150752652940692,ai_R_R_S3_V1,-0.00227101875353392
pretax,top,top_0.1_pct,0.0983158933105191,0.109684754270516,ai_R_R_S3_V1,0.0113688609599966
pretax,top,top_10_pct,0.473016346433154,0.502650672475838,ai_R_R_S3_V1,0.0296343260426841
pretax,top,top_1_pct,0.205513514569439,0.226625563902181,ai_R_R_S3_V1,0.0211120493327418
pretax,top,top_5_pct,0.361808605653322,0.390406292094867,ai_R_R_S3_V1,0.0285976864415451
aftertax,decile,decile_1,0.0100960080858408,0.0100689704782279,ai_S_F_S0_V1,-2.70376076129293e-05
aftertax,decile,decile_10,0.437743902133577,0.437844669240561,ai_S_F_S0_V1,0.000100767106983368
aftertax,decile,decile_2,0.0209605654775322,0.0209360106896449,ai_S_F_S0_V1,-2.4554787887314e-05
aftertax,decile,decile_3,0.0294825409433587,0.0294466855249644,ai_S_F_S0_V1,-3.58554183942546e-05
aftertax,decile,decile_4,0.0401254740664868,0.0401101999790695,ai_S_F_S0_V1,-1.52740874172913e-05
aftertax,decile,decile_5,0.0505481918625165,0.0505375119629968,ai_S_F_S0_V1,-1.0679899519736e-05
aftertax,decile,decile_6,0.0637488936930448,0.0637454226305977,ai_S_F_S0_V1,-3.47106244708018e-06
aftertax,decile,decile_7,0.0817771336607755,0.0817814984911646,ai_S_F_S0_V1,4.36483038912527e-06
aftertax,decile,decile_8,0.11027198132228,0.110281126572485,ai_S_F_S0_V1,9.14525020451196e-06
aftertax,decile,decile_9,0.155245308754587,0.155247904430289,ai_S_F_S0_V1,2.59567570159991e-06
aftertax,top,top_0.1_pct,0.0829116119121286,0.0828052284980927,ai_S_F_S0_V1,-0.000106383414035904
aftertax,top,top_10_pct,0.437743902133577,0.437844669240561,ai_S_F_S0_V1,0.000100767106983368
aftertax,top,top_1_pct,0.178555084770619,0.178463031694491,ai_S_F_S0_V1,-9.20530761284732e-05
aftertax,top,top_5_pct,0.327711918281267,0.327743869378338,ai_S_F_S0_V1,3.19510970713255e-05
pretax,decile,decile_1,0.00856832224614016,0.0085461359034557,ai_S_F_S0_V1,-2.21863426844611e-05
pretax,decile,decile_10,0.473016346433154,0.473135285886431,ai_S_F_S0_V1,0.000118939453277012
pretax,decile,decile_2,0.0177830551686424,0.0177608877662477,ai_S_F_S0_V1,-2.21674023947703e-05
pretax,decile,decile_3,0.0248385306407958,0.0248063802545127,ai_S_F_S0_V1,-3.21503862830905e-05
pretax,decile,decile_4,0.0351497865307603,0.0351316510742707,ai_S_F_S0_V1,-1.81354564896333e-05
pretax,decile,decile_5,0.0456625036207309,0.0456526829016431,ai_S_F_S0_V1,-9.82071908776916e-06
pretax,decile,decile_6,0.0592514218293442,0.0592411409318992,ai_S_F_S0_V1,-1.02808974449808e-05
pretax,decile,decile_7,0.0770071433031966,0.0770108147160979,ai_S_F_S0_V1,3.67141290125161e-06
pretax,decile,decile_8,0.10569921853301,0.105690328451741,ai_S_F_S0_V1,-8.89008126880864e-06
pretax,decile,decile_9,0.153023671694225,0.153024692113701,ai_S_F_S0_V1,1.02041947525056e-06
pretax,top,top_0.1_pct,0.0983158933105191,0.098171164758188,ai_S_F_S0_V1,-0.000144728552331053
pretax,top,top_10_pct,0.473016346433154,0.473135285886431,ai_S_F_S0_V1,0.000118939453277012
pretax,top,top_1_pct,0.205513514569439,0.205408838674886,ai_S_F_S0_V1,-0.000104675894553319
pretax,top,top_5_pct,0.361808605653322,0.361847591143103,ai_S_F_S0_V1,3.8985489781429e-05
aftertax,decile,decile_1,0.0100960080858408,0.0101614561211517,ai_S_F_S2_V1,6.54480353109409e-05
aftertax,decile,decile_10,0.437743902133577,0.4361684985043,ai_S_F_S2_V1,-0.00157540362927733
aftertax,decile,decile_2,0.0209605654775322,0.0210846487538157,ai_S_F_S2_V1,0.000124083276283469
aftertax,decile,decile_3,0.0294825409433587,0.0296163809514729,ai_S_F_S2_V1,0.000133840008114207
aftertax,decile,decile_4,0.0401254740664868,0.0403408830821831,ai_S_F_S2_V1,0.000215409015696284
aftertax,decile,decile_5,0.0505481918625165,0.0507859378740795,ai_S_F_S2_V1,0.000237746011562942
aftertax,decile,decile_6,0.0637488936930448,0.0639969783292065,ai_S_F_S2_V1,0.000248084636161744
aftertax,decile,decile_7,0.0817771336607755,0.0820324624524186,ai_S_F_S2_V1,0.000255328791643056
aftertax,decile,decile_8,0.11027198132228,0.110489375863775,ai_S_F_S2_V1,0.000217394541494553
aftertax,decile,decile_9,0.155245308754587,0.155323378067597,ai_S_F_S2_V1,7.80693130101318e-05
aftertax,top,top_0.1_pct,0.0829116119121286,0.0821643647546062,ai_S_F_S2_V1,-0.000747247157522391
aftertax,top,top_10_pct,0.437743902133577,0.4361684985043,ai_S_F_S2_V1,-0.00157540362927733
aftertax,top,top_1_pct,0.178555084770619,0.177289894803573,ai_S_F_S2_V1,-0.00126518996704628
aftertax,top,top_5_pct,0.327711918281267,0.3261529604671,ai_S_F_S2_V1,-0.0015589578141666
pretax,decile,decile_1,0.00856832224614016,0.00863582289244036,ai_S_F_S2_V1,6.75006463002007e-05
pretax,decile,decile_10,0.473016346433154,0.471166806102868,ai_S_F_S2_V1,-0.00184954033028595
pretax,decile,decile_2,0.0177830551686424,0.0179138212744466,ai_S_F_S2_V1,0.00013076610580413
pretax,decile,decile_3,0.0248385306407958,0.0249800761785287,ai_S_F_S2_V1,0.000141545537732941
pretax,decile,decile_4,0.0351497865307603,0.0353737540315619,ai_S_F_S2_V1,0.000223967500801572
pretax,decile,decile_5,0.0456625036207309,0.045932252122613,ai_S_F_S2_V1,0.000269748501882133
pretax,decile,decile_6,0.0592514218293442,0.0595295634746748,ai_S_F_S2_V1,0.000278141645330604
pretax,decile,decile_7,0.0770071433031966,0.0773199800869511,ai_S_F_S2_V1,0.000312836783754517
pretax,decile,decile_8,0.10569921853301,0.105960950059728,ai_S_F_S2_V1,0.000261731526717712
pretax,decile,decile_9,0.153023671694225,0.153186973776188,ai_S_F_S2_V1,0.000163302081962136
pretax,top,top_0.1_pct,0.0983158933105191,0.0973383994936619,ai_S_F_S2_V1,-0.000977493816857189
pretax,top,top_10_pct,0.473016346433154,0.471166806102868,ai_S_F_S2_V1,-0.00184954033028595
pretax,top,top_1_pct,0.205513514569439,0.203907505708923,ai_S_F_S2_V1,-0.00160600886051632
pretax,top,top_5_pct,0.361808605653322,0.359920236749147,ai_S_F_S2_V1,-0.00188836890417488
aftertax,decile,decile_1,0.0100960080858408,0.00997883967182043,ai_S_F_S3_V1,-0.000117168414020371
aftertax,decile,decile_10,0.437743902133577,0.439526174670144,ai_S_F_S3_V1,0.00178227253656682
aftertax,decile,decile_2,0.0209605654775322,0.0207888664852108,ai_S_F_S3_V1,-0.0001716989923214
aftertax,decile,decile_3,0.0294825409433587,0.0292789341092466,ai_S_F_S3_V1,-0.000203606834112108
aftertax,decile,decile_4,0.0401254740664868,0.0398803396616184,ai_S_F_S3_V1,-0.000245134404868418
aftertax,decile,decile_5,0.0505481918625165,0.0502891121776129,ai_S_F_S3_V1,-0.000259079684903601
aftertax,decile,decile_6,0.0637488936930448,0.0634931844602116,ai_S_F_S3_V1,-0.000255709232833135
aftertax,decile,decile_7,0.0817771336607755,0.0815289931921669,ai_S_F_S3_V1,-0.000248140468608576
aftertax,decile,decile_8,0.11027198132228,0.110069217753049,ai_S_F_S3_V1,-0.000202763569231268
aftertax,decile,decile_9,0.155245308754587,0.155166337818919,ai_S_F_S3_V1,-7.89709356679436e-05
aftertax,top,top_0.1_pct,0.0829116119121286,0.0834596427390456,ai_S_F_S3_V1,0.000548030826917012
aftertax,top,top_10_pct,0.437743902133577,0.439526174670144,ai_S_F_S3_V1,0.00178227253656682
aftertax,top,top_1_pct,0.178555084770619,0.179651719222083,ai_S_F_S3_V1,0.00109663445146424
aftertax,top,top_5_pct,0.327711918281267,0.329345353172221,ai_S_F_S3_V1,0.00163343489095458
pretax,decile,decile_1,0.00856832224614016,0.00845635031218825,ai_S_F_S3_V1,-0.000111971933951908
pretax,decile,decile_10,0.473016346433154,0.475110099326333,ai_S_F_S3_V1,0.00209375289317881
pretax,decile,decile_2,0.0177830551686424,0.0176100307551681,ai_S_F_S3_V1,-0.000173024413474315
pretax,decile,decile_3,0.0248385306407958,0.0246356559351692,ai_S_F_S3_V1,-0.000202874705626598
pretax,decile,decile_4,0.0351497865307603,0.034890951786821,ai_S_F_S3_V1,-0.000258834743939278
pretax,decile,decile_5,0.0456625036207309,0.0453734273129313,ai_S_F_S3_V1,-0.000289076307799591
pretax,decile,decile_6,0.0592514218293442,0.0589521022702172,ai_S_F_S3_V1,-0.000299319559127043
pretax,decile,decile_7,0.0770071433031966,0.0767003065133332,ai_S_F_S3_V1,-0.000306836789863457
pretax,decile,decile_8,0.10569921853301,0.105415430081915,ai_S_F_S3_V1,-0.000283788451095113
pretax,decile,decile_9,0.153023671694225,0.152855645705924,ai_S_F_S3_V1,-0.000168025988301512
pretax,top,top_0.1_pct,0.0983158933105191,0.0990213289088319,ai_S_F_S3_V1,0.00070543559831282
pretax,top,top_10_pct,0.473016346433154,0.475110099326333,ai_S_F_S3_V1,0.00209375289317881
pretax,top,top_1_pct,0.205513514569439,0.206930047628154,ai_S_F_S3_V1,0.00141653305871492
pretax,top,top_5_pct,0.361808605653322,0.363787689962768,ai_S_F_S3_V1,0.00197908430944593
aftertax,decile,decile_1,0.0100960080858408,0.0100525005898302,ai_S_R_S0_V1,-4.35074960106526e-05
aftertax,decile,decile_10,0.437743902133577,0.438335515787819,ai_S_R_S0_V1,0.000591613654241541
aftertax,decile,decile_2,0.0209605654775322,0.0209114973939733,ai_S_R_S0_V1,-4.90680835589473e-05
aftertax,decile,decile_3,0.0294825409433587,0.0294232651631079,ai_S_R_S0_V1,-5.927578025074e-05
aftertax,decile,decile_4,0.0401254740664868,0.0400460593008053,ai_S_R_S0_V1,-7.94147656814972e-05
aftertax,decile,decile_5,0.0505481918625165,0.0504597836687013,ai_S_R_S0_V1,-8.84081938152259e-05
aftertax,decile,decile_6,0.0637488936930448,0.0636596983172617,ai_S_R_S0_V1,-8.91953757830299e-05
aftertax,decile,decile_7,0.0817771336607755,0.081674766538389,ai_S_R_S0_V1,-0.000102367122386454
aftertax,decile,decile_8,0.11027198132228,0.110184904264535,ai_S_R_S0_V1,-8.70770577459101e-05
aftertax,decile,decile_9,0.155245308754587,0.155252008975578,ai_S_R_S0_V1,6.70022099091838e-06
aftertax,top,top_0.1_pct,0.0829116119121286,0.0829842862064437,ai_S_R_S0_V1,7.26742943151226e-05
aftertax,top,top_10_pct,0.437743902133577,0.438335515787819,ai_S_R_S0_V1,0.000591613654241541
aftertax,top,top_1_pct,0.178555084770619,0.178808968000539,ai_S_R_S0_V1,0.000253883229919816
aftertax,top,top_5_pct,0.327711918281267,0.328223579415862,ai_S_R_S0_V1,0.00051166113459522
pretax,decile,decile_1,0.00856832224614016,0.00852943238604218,ai_S_R_S0_V1,-3.88898600979792e-05
pretax,decile,decile_10,0.473016346433154,0.473593921574801,ai_S_R_S0_V1,0.000577575141646691
pretax,decile,decile_2,0.0177830551686424,0.0177359787591715,ai_S_R_S0_V1,-4.70764094709503e-05
pretax,decile,decile_3,0.0248385306407958,0.0247808958927294,ai_S_R_S0_V1,-5.76347480663667e-05
pretax,decile,decile_4,0.0351497865307603,0.0350736094446059,ai_S_R_S0_V1,-7.61770861544206e-05
pretax,decile,decile_5,0.0456625036207309,0.0455720392275277,ai_S_R_S0_V1,-9.04643932031907e-05
pretax,decile,decile_6,0.0592514218293442,0.059164830026843,ai_S_R_S0_V1,-8.65918025012014e-05
pretax,decile,decile_7,0.0770071433031966,0.0768940711430273,ai_S_R_S0_V1,-0.000113072160169314
pretax,decile,decile_8,0.10569921853301,0.105590936838663,ai_S_R_S0_V1,-0.000108281694346901
pretax,decile,decile_9,0.153023671694225,0.153064284706589,ai_S_R_S0_V1,4.06130123636328e-05
pretax,top,top_0.1_pct,0.0983158933105191,0.0983829970116441,ai_S_R_S0_V1,6.71037011250597e-05
pretax,top,top_10_pct,0.473016346433154,0.473593921574801,ai_S_R_S0_V1,0.000577575141646691
pretax,top,top_1_pct,0.205513514569439,0.205765862984619,ai_S_R_S0_V1,0.000252348415179404
pretax,top,top_5_pct,0.361808605653322,0.362310884190459,ai_S_R_S0_V1,0.000502278537137024
aftertax,decile,decile_1,0.0100960080858408,0.010146704713305,ai_S_R_S2_V1,5.06966274641668e-05
aftertax,decile,decile_10,0.437743902133577,0.436666202669525,ai_S_R_S2_V1,-0.00107769946405178
aftertax,decile,decile_2,0.0209605654775322,0.0210600554057103,ai_S_R_S2_V1,9.94899281781085e-05
aftertax,decile,decile_3,0.0294825409433587,0.029592818051958,ai_S_R_S2_V1,0.000110277108599326
aftertax,decile,decile_4,0.0401254740664868,0.0402763614501162,ai_S_R_S2_V1,0.000150887383629457
aftertax,decile,decile_5,0.0505481918625165,0.0507075951167739,ai_S_R_S2_V1,0.000159403254257326
aftertax,decile,decile_6,0.0637488936930448,0.0639103685080818,ai_S_R_S2_V1,0.000161474815037033
aftertax,decile,decile_7,0.0817771336607755,0.0819237451892126,ai_S_R_S2_V1,0.000146611528437091
aftertax,decile,decile_8,0.11027198132228,0.110391216018964,ai_S_R_S2_V1,0.000119234696684012
aftertax,decile,decile_9,0.155245308754587,0.155324932876352,ai_S_R_S2_V1,7.96241217652649e-05
aftertax,top,top_0.1_pct,0.0829116119121286,0.0823470366987852,ai_S_R_S2_V1,-0.00056457521334341
aftertax,top,top_10_pct,0.437743902133577,0.436666202669525,ai_S_R_S2_V1,-0.00107769946405178
aftertax,top,top_1_pct,0.178555084770619,0.177641933205341,ai_S_R_S2_V1,-0.000913151565278603
aftertax,top,top_5_pct,0.327711918281267,0.32664012684207,ai_S_R_S2_V1,-0.001071791439197
pretax,decile,decile_1,0.00856832224614016,0.00862360427877349,ai_S_R_S2_V1,5.52820326333268e-05
pretax,decile,decile_10,0.473016346433154,0.471631718976521,ai_S_R_S2_V1,-0.00138462745663326
pretax,decile,decile_2,0.0177830551686424,0.0178889164891498,ai_S_R_S2_V1,0.000105861320507373
pretax,decile,decile_3,0.0248385306407958,0.0249544488550238,ai_S_R_S2_V1,0.000115918214228017
pretax,decile,decile_4,0.0351497865307603,0.0353155606678771,ai_S_R_S2_V1,0.000165774137116825
pretax,decile,decile_5,0.0456625036207309,0.0458514708439985,ai_S_R_S2_V1,0.000188967223267597
pretax,decile,decile_6,0.0592514218293442,0.0594526718080363,ai_S_R_S2_V1,0.000201249978692086
pretax,decile,decile_7,0.0770071433031966,0.077200367324638,ai_S_R_S2_V1,0.000193224021441368
pretax,decile,decile_8,0.10569921853301,0.105859786940122,ai_S_R_S2_V1,0.000160568407111872
pretax,decile,decile_9,0.153023671694225,0.15322145381586,ai_S_R_S2_V1,0.000197782121634793
pretax,top,top_0.1_pct,0.0983158933105191,0.0975542700318909,ai_S_R_S2_V1,-0.000761623278628165
pretax,top,top_10_pct,0.473016346433154,0.471631718976521,ai_S_R_S2_V1,-0.00138462745663326
pretax,top,top_1_pct,0.205513514569439,0.204271355251119,ai_S_R_S2_V1,-0.00124215931832083
pretax,top,top_5_pct,0.361808605653322,0.360391133842703,ai_S_R_S2_V1,-0.00141747181061902
aftertax,decile,decile_1,0.0100960080858408,0.00996150226484871,ai_S_R_S3_V1,-0.000134505820992096
aftertax,decile,decile_10,0.437743902133577,0.440008844822139,ai_S_R_S3_V1,0.00226494268856137
aftertax,decile,decile_2,0.0209605654775322,0.0207650001152529,ai_S_R_S3_V1,-0.000195565362279288
aftertax,decile,decile_3,0.0294825409433587,0.0292561043464822,ai_S_R_S3_V1,-0.000226436596876527
aftertax,decile,decile_4,0.0401254740664868,0.0398162748836431,ai_S_R_S3_V1,-0.000309199182843646
aftertax,decile,decile_5,0.0505481918625165,0.0502123597758124,ai_S_R_S3_V1,-0.000335832086704138
aftertax,decile,decile_6,0.0637488936930448,0.0634085462696533,ai_S_R_S3_V1,-0.000340347423391424
aftertax,decile,decile_7,0.0817771336607755,0.0814240897028065,ai_S_R_S3_V1,-0.000353043957968979
aftertax,decile,decile_8,0.11027198132228,0.109974922005688,ai_S_R_S3_V1,-0.00029705931659274
aftertax,decile,decile_9,0.155245308754587,0.155172355813675,ai_S_R_S3_V1,-7.29529409125296e-05
aftertax,top,top_0.1_pct,0.0829116119121286,0.0836347294031793,ai_S_R_S3_V1,0.000723117491050695
aftertax,top,top_10_pct,0.437743902133577,0.440008844822139,ai_S_R_S3_V1,0.00226494268856137
aftertax,top,top_1_pct,0.178555084770619,0.179990888867535,ai_S_R_S3_V1,0.00143580409691624
aftertax,top,top_5_pct,0.327711918281267,0.329816478725183,ai_S_R_S3_V1,0.00210456044391594
pretax,decile,decile_1,0.00856832224614016,0.00844014523814387,ai_S_R_S3_V1,-0.000128177007996293
pretax,decile,decile_10,0.473016346433154,0.475555809185664,ai_S_R_S3_V1,0.00253946275251005
pretax,decile,decile_2,0.0177830551686424,0.0175850938550844,ai_S_R_S3_V1,-0.000197961313558027
pretax,decile,decile_3,0.0248385306407958,0.0246128372412333,ai_S_R_S3_V1,-0.000225693399562486
pretax,decile,decile_4,0.0351497865307603,0.0348338369798536,ai_S_R_S3_V1,-0.000315949550906691
pretax,decile,decile_5,0.0456625036207309,0.0452939323428662,ai_S_R_S3_V1,-0.00036857127786466
pretax,decile,decile_6,0.0592514218293442,0.0588766292431281,ai_S_R_S3_V1,-0.000374792586216116
pretax,decile,decile_7,0.0770071433031966,0.0765864369823468,ai_S_R_S3_V1,-0.00042070632084984
pretax,decile,decile_8,0.10569921853301,0.105317068802497,ai_S_R_S3_V1,-0.000382149730512871
pretax,decile,decile_9,0.153023671694225,0.152898210129182,ai_S_R_S3_V1,-0.000125461565043061
pretax,top,top_0.1_pct,0.0983158933105191,0.0992278389911262,ai_S_R_S3_V1,0.000911945680607151
pretax,top,top_10_pct,0.473016346433154,0.475555809185664,ai_S_R_S3_V1,0.00253946275251005
pretax,top,top_1_pct,0.205513514569439,0.207277175550218,ai_S_R_S3_V1,0.00176366098077896
pretax,top,top_5_pct,0.361808605653322,0.364238105764298,ai_S_R_S3_V1,0.0024295001109762
