Title:,Change.in.average.tax.rate.by.decile,X3,X4,X5,X6,X7,X8,X9,X10
Subtitle:,"Rapid shock, Proportional labor scenario (R, Mechanical), FY 2030",,,,,,,,
Notes:,"Source: The Budget Lab at Yale AI-Fiscal microsimulation model, FY 2030.
ΔATR = (cf tax / cf pretax income) − (baseline tax / baseline pretax income).
CIT omitted from denominator (consistent handling would require allocating CIT in baseline as well).",,,,,,,,
,,,,,,,,,
scenario_id,decile,pretax_base_d_B,pretax_cf_d_B,tax_base_d_B,tax_cf_d_B,dY_factor_d_B,atr_base,atr_cf_std,dATR
ai_R_R_S0_V1,1,-542.934369809947,-539.931008773493,10.1634780492893,10.2649118160339,9.60982713938366,-0.0187195333624707,-0.0190115248971376,-0.000291991534666951
ai_R_R_S0_V1,2,388.015540628305,389.831916669491,-22.1320199327549,-22.1013047324723,6.69030199521742,-0.0570390038938054,-0.0566944464714271,0.00034455742237828
ai_R_R_S0_V1,3,561.153333258383,564.596124856531,-28.3209534736833,-28.1794920054149,8.85296277104668,-0.0504691887139569,-0.0499108845505724,0.000558304163384503
ai_R_R_S0_V1,4,820.169437223817,828.646790850134,-11.9244988869571,-11.1957135155724,14.734313372738,-0.0145390675947646,-0.0135108391647621,0.0010282284300025
ai_R_R_S0_V1,5,1092.09465240244,1104.86899773998,25.8751535659036,27.300253318115,21.5119946472214,0.0236931418984446,0.0247090409577587,0.00101589905931408
ai_R_R_S0_V1,6,1431.3633583382,1455.11315824179,69.7612385491509,73.0456054944672,30.7920692261832,0.0487376165826566,0.0501992611919805,0.00146164460932385
ai_R_R_S0_V1,7,1878.29534636384,1909.07017905289,121.053987882839,126.121396682473,38.2594744682087,0.0644488568409571,0.0660643061037406,0.00161544926278354
ai_R_R_S0_V1,8,2601.56180865961,2651.43316584427,208.271689492574,216.07811983922,60.1473948421524,0.0800564064245242,0.0814948393279286,0.00143843290340444
ai_R_R_S0_V1,9,3791.68208048503,3901.58662108966,402.378381436465,425.135515101017,102.667619472111,0.106121339525647,0.108964776740567,0.00284343721491934
ai_R_R_S0_V1,10,11740.8308088609,12178.382017372,2177.01364224858,2282.62192031045,473.461923806963,0.185422452438849,0.187432280992202,0.00200982855335341
