scenario_id,income_concept,decile,metric,A,B,C,D,karger_fix,cbo_fix,total,interaction
ai_M_F_S0_V1,aftertax,1,delta,-5.89215914769629e-05,-5.89215914769629e-05,-5.89215914769629e-05,-5.89215914769629e-05,0,0,0,0
ai_M_F_S0_V1,aftertax,2,delta,-0.000119716386998241,-0.000119716386998241,-0.000119716386998241,-0.000119716386998241,0,0,0,0
ai_M_F_S0_V1,aftertax,3,delta,-0.000182414674944023,-0.000182414674944023,-0.000182414674944023,-0.000182414674944023,0,0,0,0
ai_M_F_S0_V1,aftertax,4,delta,-7.19703975469097e-05,-7.19703975469097e-05,-7.19703975469097e-05,-7.19703975469097e-05,0,0,0,0
ai_M_F_S0_V1,aftertax,5,delta,-5.83370285641011e-05,-5.83370285641011e-05,-5.83370285641011e-05,-5.83370285641011e-05,0,0,0,0
ai_M_F_S0_V1,aftertax,6,delta,-2.84647671115745e-05,-2.84647671115745e-05,-2.84647671115745e-05,-2.84647671115745e-05,0,0,0,0
ai_M_F_S0_V1,aftertax,7,delta,3.36527326356695e-05,3.36527326356695e-05,3.36527326356695e-05,3.36527326356695e-05,0,0,0,0
ai_M_F_S0_V1,aftertax,8,delta,1.99396193501511e-05,1.99396193501511e-05,1.99396193501511e-05,1.99396193501511e-05,0,0,0,0
ai_M_F_S0_V1,aftertax,9,delta,-3.27339104591595e-05,-3.27339104591595e-05,-3.27339104591595e-05,-3.27339104591595e-05,0,0,0,0
ai_M_F_S0_V1,aftertax,10,delta,0.000498966405115153,0.000498966405115153,0.000498966405115153,0.000498966405115153,0,0,0,0
ai_M_F_S0_V1,pretax,1,delta,-6.10271854546308e-05,-6.10271854546308e-05,-6.10271854546308e-05,-6.10271854546308e-05,0,0,0,0
ai_M_F_S0_V1,pretax,2,delta,-0.000113158678855901,-0.000113158678855901,-0.000113158678855901,-0.000113158678855901,0,0,0,0
ai_M_F_S0_V1,pretax,3,delta,-0.000173210010357666,-0.000173210010357666,-0.000173210010357666,-0.000173210010357666,0,0,0,0
ai_M_F_S0_V1,pretax,4,delta,-8.55583363299078e-05,-8.55583363299078e-05,-8.55583363299078e-05,-8.55583363299078e-05,0,0,0,0
ai_M_F_S0_V1,pretax,5,delta,-5.0509692939002e-05,-5.0509692939002e-05,-5.0509692939002e-05,-5.0509692939002e-05,0,0,0,0
ai_M_F_S0_V1,pretax,6,delta,-6.43047400417096e-05,-6.43047400417096e-05,-6.43047400417096e-05,-6.43047400417096e-05,0,0,0,0
ai_M_F_S0_V1,pretax,7,delta,2.6203318243434e-05,2.6203318243434e-05,2.6203318243434e-05,2.6203318243434e-05,0,0,0,0
ai_M_F_S0_V1,pretax,8,delta,-8.07631172692336e-05,-8.07631172692336e-05,-8.07631172692336e-05,-8.07631172692336e-05,0,0,0,0
ai_M_F_S0_V1,pretax,9,delta,-2.99142897517979e-05,-2.99142897517979e-05,-2.99142897517979e-05,-2.99142897517979e-05,0,0,0,0
ai_M_F_S0_V1,pretax,10,delta,0.000632242732756416,0.000632242732756416,0.000632242732756416,0.000632242732756416,0,0,0,0
ai_M_F_S2_V1,aftertax,1,delta,0.000504115809024925,0.000504115809024925,0.000504115809024925,0.000504115809024925,0,0,0,0
ai_M_F_S2_V1,aftertax,2,delta,0.000770080891784489,0.000770080891784489,0.000770080891784489,0.000770080891784489,0,0,0,0
ai_M_F_S2_V1,aftertax,3,delta,0.000897927465332338,0.000897927465332338,0.000897927465332338,0.000897927465332338,0,0,0,0
ai_M_F_S2_V1,aftertax,4,delta,0.00134856689609669,0.00134856689609669,0.00134856689609669,0.00134856689609669,0,0,0,0
ai_M_F_S2_V1,aftertax,5,delta,0.0014536049760613,0.0014536049760613,0.0014536049760613,0.0014536049760613,0,0,0,0
ai_M_F_S2_V1,aftertax,6,delta,0.00150523065202887,0.00150523065202887,0.00150523065202887,0.00150523065202887,0,0,0,0
ai_M_F_S2_V1,aftertax,7,delta,0.00154964440329156,0.00154964440329156,0.00154964440329156,0.00154964440329156,0,0,0,0
ai_M_F_S2_V1,aftertax,8,delta,0.00123700817895911,0.00123700817895911,0.00123700817895911,0.00123700817895911,0,0,0,0
ai_M_F_S2_V1,aftertax,9,delta,0.000354632637864338,0.000354632637864338,0.000354632637864338,0.000354632637864338,0,0,0,0
ai_M_F_S2_V1,aftertax,10,delta,-0.00962081191044362,-0.00962081191044362,-0.00962081191044362,-0.00962081191044362,0,0,0,0
ai_M_F_S2_V1,pretax,1,delta,0.000469910865300762,0.000469910865300762,0.000469910865300762,0.000469910865300762,0,0,0,0
ai_M_F_S2_V1,pretax,2,delta,0.00083714757477709,0.00083714757477709,0.00083714757477709,0.00083714757477709,0,0,0,0
ai_M_F_S2_V1,pretax,3,delta,0.000899448995487679,0.000899448995487679,0.000899448995487679,0.000899448995487679,0,0,0,0
ai_M_F_S2_V1,pretax,4,delta,0.00141635336540322,0.00141635336540322,0.00141635336540322,0.00141635336540322,0,0,0,0
ai_M_F_S2_V1,pretax,5,delta,0.00165220101147352,0.00165220101147352,0.00165220101147352,0.00165220101147352,0,0,0,0
ai_M_F_S2_V1,pretax,6,delta,0.00168747556687801,0.00168747556687801,0.00168747556687801,0.00168747556687801,0,0,0,0
ai_M_F_S2_V1,pretax,7,delta,0.00190392081348978,0.00190392081348978,0.00190392081348978,0.00190392081348978,0,0,0,0
ai_M_F_S2_V1,pretax,8,delta,0.0015118143260453,0.0015118143260453,0.0015118143260453,0.0015118143260453,0,0,0,0
ai_M_F_S2_V1,pretax,9,delta,0.000872079478751453,0.000872079478751453,0.000872079478751453,0.000872079478751453,0,0,0,0
ai_M_F_S2_V1,pretax,10,delta,-0.0112503519976068,-0.0112503519976068,-0.0112503519976068,-0.0112503519976068,0,0,0,0
ai_M_F_S3_V1,aftertax,1,delta,-0.00061716559655055,-0.00061716559655055,-0.00061716559655055,-0.00061716559655055,0,0,0,0
ai_M_F_S3_V1,aftertax,2,delta,-0.000995710676117718,-0.000995710676117718,-0.000995710676117718,-0.000995710676117718,0,0,0,0
ai_M_F_S3_V1,aftertax,3,delta,-0.00119881854123044,-0.00119881854123044,-0.00119881854123044,-0.00119881854123044,0,0,0,0
ai_M_F_S3_V1,aftertax,4,delta,-0.0014715305747997,-0.0014715305747997,-0.0014715305747997,-0.0014715305747997,0,0,0,0
ai_M_F_S3_V1,aftertax,5,delta,-0.00157487298962097,-0.00157487298962097,-0.00157487298962097,-0.00157487298962097,0,0,0,0
ai_M_F_S3_V1,aftertax,6,delta,-0.00157663270691102,-0.00157663270691102,-0.00157663270691102,-0.00157663270691102,0,0,0,0
ai_M_F_S3_V1,aftertax,7,delta,-0.00153755856803867,-0.00153755856803867,-0.00153755856803867,-0.00153755856803867,0,0,0,0
ai_M_F_S3_V1,aftertax,8,delta,-0.00132209412477285,-0.00132209412477285,-0.00132209412477285,-0.00132209412477285,0,0,0,0
ai_M_F_S3_V1,aftertax,9,delta,-0.000614806683870151,-0.000614806683870151,-0.000614806683870151,-0.000614806683870151,0,0,0,0
ai_M_F_S3_V1,aftertax,10,delta,0.0109091904619121,0.0109091904619121,0.0109091904619121,0.0109091904619121,0,0,0,0
ai_M_F_S3_V1,pretax,1,delta,-0.000594724088070108,-0.000594724088070108,-0.000594724088070108,-0.000594724088070108,0,0,0,0
ai_M_F_S3_V1,pretax,2,delta,-0.00102462759088783,-0.00102462759088783,-0.00102462759088783,-0.00102462759088783,0,0,0,0
ai_M_F_S3_V1,pretax,3,delta,-0.00118678952357754,-0.00118678952357754,-0.00118678952357754,-0.00118678952357754,0,0,0,0
ai_M_F_S3_V1,pretax,4,delta,-0.00154530198636813,-0.00154530198636813,-0.00154530198636813,-0.00154530198636813,0,0,0,0
ai_M_F_S3_V1,pretax,5,delta,-0.00174869682850608,-0.00174869682850608,-0.00174869682850608,-0.00174869682850608,0,0,0,0
ai_M_F_S3_V1,pretax,6,delta,-0.00183644273326553,-0.00183644273326553,-0.00183644273326553,-0.00183644273326553,0,0,0,0
ai_M_F_S3_V1,pretax,7,delta,-0.00189955574199097,-0.00189955574199097,-0.00189955574199097,-0.00189955574199097,0,0,0,0
ai_M_F_S3_V1,pretax,8,delta,-0.00181502708386161,-0.00181502708386161,-0.00181502708386161,-0.00181502708386161,0,0,0,0
ai_M_F_S3_V1,pretax,9,delta,-0.0011670815303787,-0.0011670815303787,-0.0011670815303787,-0.0011670815303787,0,0,0,0
ai_M_F_S3_V1,pretax,10,delta,0.0128182471069065,0.0128182471069065,0.0128182471069065,0.0128182471069065,0,0,0,0
ai_M_R_S0_V1,aftertax,1,delta,-0.00011782309361036,-0.00011235395484451,-0.00011782309361036,-0.00011235395484451,5.46913876584999e-06,0,5.46913876584999e-06,0
ai_M_R_S0_V1,aftertax,2,delta,-0.000207018747939703,-0.000196709305106801,-0.000207018747939703,-0.000196709305106801,1.0309442832902e-05,0,1.0309442832902e-05,0
ai_M_R_S0_V1,aftertax,3,delta,-0.00027284356638875,-0.000262699434186341,-0.00027284356638875,-0.000262699434186341,1.0144132202409e-05,0,1.0144132202409e-05,0
ai_M_R_S0_V1,aftertax,4,delta,-0.000299499693067105,-0.000271126435076638,-0.000299499693067105,-0.000271126435076638,2.8373257990467e-05,0,2.8373257990467e-05,0
ai_M_R_S0_V1,aftertax,5,delta,-0.000332313482245245,-0.000298995907908078,-0.000332313482245245,-0.000298995907908078,3.3317574337167e-05,0,3.3317574337167e-05,0
ai_M_R_S0_V1,aftertax,6,delta,-0.000336501146232182,-0.000298853426430518,-0.000336501146232182,-0.000298853426430518,3.7647719801664e-05,0,3.7647719801664e-05,0
ai_M_R_S0_V1,aftertax,7,delta,-0.000341881877145678,-0.000297007781156572,-0.000341881877145678,-0.000297007781156572,4.4874095989106e-05,0,4.4874095989106e-05,0
ai_M_R_S0_V1,aftertax,8,delta,-0.000332923393392248,-0.00028851113089573,-0.000332923393392248,-0.00028851113089573,4.4412262496518e-05,0,4.4412262496518e-05,0
ai_M_R_S0_V1,aftertax,9,delta,-5.37661188881322e-05,-4.94857423496975e-05,-5.37661188881322e-05,-4.94857423496975e-05,4.2803765384347e-06,0,4.2803765384347e-06,0
ai_M_R_S0_V1,aftertax,10,delta,0.00229457111890941,0.00207574311795489,0.00229457111890941,0.00207574311795489,-0.00021882800095452,0,-0.00021882800095452,0
ai_M_R_S0_V1,pretax,1,delta,-0.000109994215064821,-0.000102620552339026,-0.000109994215064821,-0.000102620552339026,7.373662725795e-06,0,7.373662725795e-06,0
ai_M_R_S0_V1,pretax,2,delta,-0.000202429498440185,-0.000191761727255723,-0.000202429498440185,-0.000191761727255723,1.0667771184462e-05,0,1.0667771184462e-05,0
ai_M_R_S0_V1,pretax,3,delta,-0.000259753514449786,-0.000248646684348975,-0.000259753514449786,-0.000248646684348975,1.1106830100811e-05,0,1.1106830100811e-05,0
ai_M_R_S0_V1,pretax,4,delta,-0.000296655143820219,-0.000269801620748335,-0.000296655143820219,-0.000269801620748335,2.6853523071884e-05,0,2.6853523071884e-05,0
ai_M_R_S0_V1,pretax,5,delta,-0.000332125148317181,-0.000298039467190953,-0.000332125148317181,-0.000298039467190953,3.4085681126228e-05,0,3.4085681126228e-05,0
ai_M_R_S0_V1,pretax,6,delta,-0.000351718318676253,-0.00031538677054152,-0.000351718318676253,-0.00031538677054152,3.6331548134733e-05,0,3.6331548134733e-05,0
ai_M_R_S0_V1,pretax,7,delta,-0.000380408341917327,-0.000331725875250488,-0.000380408341917327,-0.000331725875250488,4.8682466666839e-05,0,4.8682466666839e-05,0
ai_M_R_S0_V1,pretax,8,delta,-0.000440998876692467,-0.000395028112504137,-0.000440998876692467,-0.000395028112504137,4.597076418833e-05,0,4.597076418833e-05,0
ai_M_R_S0_V1,pretax,9,delta,4.18915513042406e-05,3.39921995347048e-05,4.18915513042406e-05,3.39921995347048e-05,-7.8993517695358e-06,0,-7.8993517695358e-06,0
ai_M_R_S0_V1,pretax,10,delta,0.002332191506074,0.00211901861064445,0.002332191506074,0.00211901861064445,-0.00021317289542955,0,-0.00021317289542955,0
ai_M_R_S2_V1,aftertax,1,delta,0.000447787449174368,0.000455083715444652,0.000447787449174368,0.000455083715444652,7.29626627028399e-06,0,7.29626627028399e-06,0
ai_M_R_S2_V1,aftertax,2,delta,0.000684603809040878,0.00069510643381129,0.000684603809040878,0.00069510643381129,1.0502624770412e-05,0,1.0502624770412e-05,0
ai_M_R_S2_V1,aftertax,3,delta,0.000786362682077161,0.000800232966353103,0.000786362682077161,0.000800232966353103,1.3870284275942e-05,0,1.3870284275942e-05,0
ai_M_R_S2_V1,aftertax,4,delta,0.00110828234344076,0.00113816054474956,0.00110828234344076,0.00113816054474956,2.98782013088e-05,0,2.98782013088e-05,0
ai_M_R_S2_V1,aftertax,5,delta,0.00116549780663093,0.001200663741868,0.00116549780663093,0.001200663741868,3.51659352370701e-05,0,3.51659352370701e-05,0
ai_M_R_S2_V1,aftertax,6,delta,0.00116552390026484,0.00120702000196352,0.00116552390026484,0.00120702000196352,4.14961016986799e-05,0,4.14961016986799e-05,0
ai_M_R_S2_V1,aftertax,7,delta,0.00113696633785609,0.00118667515918602,0.00113696633785609,0.00118667515918602,4.97088213299299e-05,0,4.97088213299299e-05,0
ai_M_R_S2_V1,aftertax,8,delta,0.000860162307365964,0.000907043859063483,0.000860162307365964,0.000907043859063483,4.6881551697519e-05,0,4.6881551697519e-05,0
ai_M_R_S2_V1,aftertax,9,delta,0.000285235146361251,0.000293815292943422,0.000285235146361251,0.000293815292943422,8.58014658217105e-06,0,8.58014658217105e-06,0
ai_M_R_S2_V1,aftertax,10,delta,-0.00764042178221225,-0.00788380171538305,-0.00764042178221225,-0.00788380171538305,-0.0002433799331708,0,-0.0002433799331708,0
ai_M_R_S2_V1,pretax,1,delta,0.000432617232131423,0.000437995672623121,0.000432617232131423,0.000437995672623121,5.37844049169797e-06,0,5.37844049169797e-06,0
ai_M_R_S2_V1,pretax,2,delta,0.000740198895171223,0.000752164970717138,0.000740198895171223,0.000752164970717138,1.1966075545915e-05,0,1.1966075545915e-05,0
ai_M_R_S2_V1,pretax,3,delta,0.00079808321613134,0.000811031500528033,0.00079808321613134,0.000811031500528033,1.2948284396693e-05,0,1.2948284396693e-05,0
ai_M_R_S2_V1,pretax,4,delta,0.00118682174292718,0.00121499424816734,0.00118682174292718,0.00121499424816734,2.817250524016e-05,0,2.817250524016e-05,0
ai_M_R_S2_V1,pretax,5,delta,0.00135410024509988,0.00139093601514376,0.00135410024509988,0.00139093601514376,3.68357700438798e-05,0,3.68357700438798e-05,0
ai_M_R_S2_V1,pretax,6,delta,0.0013784341107986,0.00141789114568167,0.0013784341107986,0.00141789114568167,3.94570348830701e-05,0,3.94570348830701e-05,0
ai_M_R_S2_V1,pretax,7,delta,0.00143406555034167,0.00148954383787103,0.00143406555034167,0.00148954383787103,5.547828752936e-05,0,5.547828752936e-05,0
ai_M_R_S2_V1,pretax,8,delta,0.00112230694416793,0.00117167412315133,0.00112230694416793,0.00117167412315133,4.93671789834e-05,0,4.93671789834e-05,0
ai_M_R_S2_V1,pretax,9,delta,0.00087887619861321,0.000878640366831884,0.00087887619861321,0.000878640366831884,-2.35831781326013e-07,0,-2.35831781326013e-07,0
ai_M_R_S2_V1,pretax,10,delta,-0.00932550413538247,-0.00956487188071531,-0.00932550413538247,-0.00956487188071531,-0.000239367745332841,0,-0.000239367745332841,0
ai_M_R_S3_V1,aftertax,1,delta,-0.000688087262713326,-0.000681202895515442,-0.000688087262713326,-0.000681202895515442,6.88436719788405e-06,0,6.88436719788405e-06,0
ai_M_R_S3_V1,aftertax,2,delta,-0.00107096829138281,-0.0010620369777872,-0.00107096829138281,-0.0010620369777872,8.93131359560998e-06,0,8.93131359560998e-06,0
ai_M_R_S3_V1,aftertax,3,delta,-0.0012720695583785,-0.00126322967380386,-0.0012720695583785,-0.00126322967380386,8.83988457463995e-06,0,8.83988457463995e-06,0
ai_M_R_S3_V1,aftertax,4,delta,-0.0017019804863289,-0.0016737700660587,-0.0017019804863289,-0.0016737700660587,2.82104202702e-05,0,2.82104202702e-05,0
ai_M_R_S3_V1,aftertax,5,delta,-0.00182634825438134,-0.00179592530797325,-0.00182634825438134,-0.00179592530797325,3.04229464080899e-05,0,3.04229464080899e-05,0
ai_M_R_S3_V1,aftertax,6,delta,-0.00185955466668838,-0.00182420808790063,-0.00185955466668838,-0.00182420808790063,3.53465787877501e-05,0,3.53465787877501e-05,0
ai_M_R_S3_V1,aftertax,7,delta,-0.00187242870296372,-0.0018328846814879,-0.00187242870296372,-0.0018328846814879,3.95440214758199e-05,0,3.95440214758199e-05,0
ai_M_R_S3_V1,aftertax,8,delta,-0.00164588655840686,-0.0016054076447648,-0.00164588655840686,-0.0016054076447648,4.04789136420601e-05,0,4.04789136420601e-05,0
ai_M_R_S3_V1,aftertax,9,delta,-0.00058482736886073,-0.000585343369906566,-0.00058482736886073,-0.000585343369906566,-5.16001045835937e-07,0,-5.16001045835937e-07,0
ai_M_R_S3_V1,aftertax,10,delta,0.0125221511501046,0.0123240087051983,0.0125221511501046,0.0123240087051983,-0.000198142444906299,0,-0.000198142444906299,0
ai_M_R_S3_V1,pretax,1,delta,-0.000650559320757659,-0.000646102362614148,-0.000650559320757659,-0.000646102362614148,4.45695814351105e-06,0,4.45695814351105e-06,0
ai_M_R_S3_V1,pretax,2,delta,-0.0011118524208689,-0.00110182657969915,-0.0011118524208689,-0.00110182657969915,1.00258411697501e-05,0,1.00258411697501e-05,0
ai_M_R_S3_V1,pretax,3,delta,-0.00124774929166106,-0.00124085763690342,-0.00124774929166106,-0.00124085763690342,6.89165475764001e-06,0,6.89165475764001e-06,0
ai_M_R_S3_V1,pretax,4,delta,-0.0017501449172088,-0.00172474766092438,-0.0017501449172088,-0.00172474766092438,2.539725628442e-05,0,2.539725628442e-05,0
ai_M_R_S3_V1,pretax,5,delta,-0.00200453011889141,-0.0019735833122432,-0.00200453011889141,-0.0019735833122432,3.094680664821e-05,0,3.094680664821e-05,0
ai_M_R_S3_V1,pretax,6,delta,-0.00210276957928859,-0.00206961811517981,-0.00210276957928859,-0.00206961811517981,3.315146410878e-05,0,3.315146410878e-05,0
ai_M_R_S3_V1,pretax,7,delta,-0.00224989472493134,-0.00220751034659319,-0.00224989472493134,-0.00220751034659319,4.23843783381498e-05,0,4.23843783381498e-05,0
ai_M_R_S3_V1,pretax,8,delta,-0.00214270029763602,-0.00210091467677259,-0.00214270029763602,-0.00210091467677259,4.178562086343e-05,0,4.178562086343e-05,0
ai_M_R_S3_V1,pretax,9,delta,-0.00102998222360995,-0.00104324307145975,-0.00102998222360995,-0.00104324307145975,-1.32608478497999e-05,0,-1.32608478497999e-05,0
ai_M_R_S3_V1,pretax,10,delta,0.0142901828948537,0.0141084037623896,0.0142901828948537,0.0141084037623896,-0.0001817791324641,0,-0.0001817791324641,0
ai_R_F_S0_V1,aftertax,1,delta,-0.000102337923219233,-0.000102337923219233,-0.000102337923219233,-0.000102337923219233,0,0,0,0
ai_R_F_S0_V1,aftertax,2,delta,-0.000239903921265456,-0.000239903921265456,-0.000239903921265456,-0.000239903921265456,0,0,0,0
ai_R_F_S0_V1,aftertax,3,delta,-0.000344181268632886,-0.000344181268632886,-0.000344181268632886,-0.000344181268632886,0,0,0,0
ai_R_F_S0_V1,aftertax,4,delta,-0.000135700510297224,-0.000135700510297224,-0.000135700510297224,-0.000135700510297224,0,0,0,0
ai_R_F_S0_V1,aftertax,5,delta,-0.000120144474443529,-0.000120144474443529,-0.000120144474443529,-0.000120144474443529,0,0,0,0
ai_R_F_S0_V1,aftertax,6,delta,-6.25311013323082e-05,-6.25311013323082e-05,-6.25311013323082e-05,-6.25311013323082e-05,0,0,0,0
ai_R_F_S0_V1,aftertax,7,delta,7.36988427481877e-05,7.36988427481877e-05,7.36988427481877e-05,7.36988427481877e-05,0,0,0,0
ai_R_F_S0_V1,aftertax,8,delta,4.87361326928504e-06,4.87361326928504e-06,4.87361326928504e-06,4.87361326928504e-06,0,0,0,0
ai_R_F_S0_V1,aftertax,9,delta,-8.32616698201449e-05,-8.32616698201449e-05,-8.32616698201449e-05,-8.32616698201449e-05,0,0,0,0
ai_R_F_S0_V1,aftertax,10,delta,0.00100948841299331,0.00100948841299331,0.00100948841299331,0.00100948841299331,0,0,0,0
ai_R_F_S0_V1,pretax,1,delta,-0.000109838750262822,-0.000109838750262822,-0.000109838750262822,-0.000109838750262822,0,0,0,0
ai_R_F_S0_V1,pretax,2,delta,-0.000219958131720325,-0.000219958131720325,-0.000219958131720325,-0.000219958131720325,0,0,0,0
ai_R_F_S0_V1,pretax,3,delta,-0.000339292781678734,-0.000339292781678734,-0.000339292781678734,-0.000339292781678734,0,0,0,0
ai_R_F_S0_V1,pretax,4,delta,-0.00016075970592274,-0.00016075970592274,-0.00016075970592274,-0.00016075970592274,0,0,0,0
ai_R_F_S0_V1,pretax,5,delta,-0.000103038626778448,-0.000103038626778448,-0.000103038626778448,-0.000103038626778448,0,0,0,0
ai_R_F_S0_V1,pretax,6,delta,-0.000139696739096612,-0.000139696739096612,-0.000139696739096612,-0.000139696739096612,0,0,0,0
ai_R_F_S0_V1,pretax,7,delta,5.75799336388072e-05,5.75799336388072e-05,5.75799336388072e-05,5.75799336388072e-05,0,0,0,0
ai_R_F_S0_V1,pretax,8,delta,-0.000181778920294862,-0.000181778920294862,-0.000181778920294862,-0.000181778920294862,0,0,0,0
ai_R_F_S0_V1,pretax,9,delta,-8.76838499436206e-05,-8.76838499436206e-05,-8.76838499436206e-05,-8.76838499436206e-05,0,0,0,0
ai_R_F_S0_V1,pretax,10,delta,0.00128446757205936,0.00128446757205936,0.00128446757205936,0.00128446757205936,0,0,0,0
ai_R_F_S2_V1,aftertax,1,delta,0.000951187319862469,0.000951187319862469,0.000951187319862469,0.000951187319862469,0,0,0,0
ai_R_F_S2_V1,aftertax,2,delta,0.00156933129308215,0.00156933129308215,0.00156933129308215,0.00156933129308215,0,0,0,0
ai_R_F_S2_V1,aftertax,3,delta,0.00185145356455014,0.00185145356455014,0.00185145356455014,0.00185145356455014,0,0,0,0
ai_R_F_S2_V1,aftertax,4,delta,0.00273702819305598,0.00273702819305598,0.00273702819305598,0.00273702819305598,0,0,0,0
ai_R_F_S2_V1,aftertax,5,delta,0.00293536249032816,0.00293536249032816,0.00293536249032816,0.00293536249032816,0,0,0,0
ai_R_F_S2_V1,aftertax,6,delta,0.00300356257301646,0.00300356257301646,0.00300356257301646,0.00300356257301646,0,0,0,0
ai_R_F_S2_V1,aftertax,7,delta,0.00308514418274222,0.00308514418274222,0.00308514418274222,0.00308514418274222,0,0,0,0
ai_R_F_S2_V1,aftertax,8,delta,0.00234779111921951,0.00234779111921951,0.00234779111921951,0.00234779111921951,0,0,0,0
ai_R_F_S2_V1,aftertax,9,delta,0.000538634166988738,0.000538634166988738,0.000538634166988738,0.000538634166988738,0,0,0,0
ai_R_F_S2_V1,aftertax,10,delta,-0.0190194949028458,-0.0190194949028458,-0.0190194949028458,-0.0190194949028458,0,0,0,0
ai_R_F_S2_V1,pretax,1,delta,0.00088624019236868,0.00088624019236868,0.00088624019236868,0.00088624019236868,0,0,0,0
ai_R_F_S2_V1,pretax,2,delta,0.00167512506558743,0.00167512506558743,0.00167512506558743,0.00167512506558743,0,0,0,0
ai_R_F_S2_V1,pretax,3,delta,0.00188604717087612,0.00188604717087612,0.00188604717087612,0.00188604717087612,0,0,0,0
ai_R_F_S2_V1,pretax,4,delta,0.00290658412790677,0.00290658412790677,0.00290658412790677,0.00290658412790677,0,0,0,0
ai_R_F_S2_V1,pretax,5,delta,0.00331194266889313,0.00331194266889313,0.00331194266889313,0.00331194266889313,0,0,0,0
ai_R_F_S2_V1,pretax,6,delta,0.00339156669254795,0.00339156669254795,0.00339156669254795,0.00339156669254795,0,0,0,0
ai_R_F_S2_V1,pretax,7,delta,0.00376106825204839,0.00376106825204839,0.00376106825204839,0.00376106825204839,0,0,0,0
ai_R_F_S2_V1,pretax,8,delta,0.00290290961782264,0.00290290961782264,0.00290290961782264,0.00290290961782264,0,0,0,0
ai_R_F_S2_V1,pretax,9,delta,0.00153739867763142,0.00153739867763142,0.00153739867763142,0.00153739867763142,0,0,0,0
ai_R_F_S2_V1,pretax,10,delta,-0.0222588824656825,-0.0222588824656825,-0.0222588824656825,-0.0222588824656825,0,0,0,0
ai_R_F_S3_V1,aftertax,1,delta,-0.00120798860324472,-0.00120798860324472,-0.00120798860324472,-0.00120798860324472,0,0,0,0
ai_R_F_S3_V1,aftertax,2,delta,-0.00194597283979732,-0.00194597283979732,-0.00194597283979732,-0.00194597283979732,0,0,0,0
ai_R_F_S3_V1,aftertax,3,delta,-0.0023589811326293,-0.0023589811326293,-0.0023589811326293,-0.0023589811326293,0,0,0,0
ai_R_F_S3_V1,aftertax,4,delta,-0.00294532875572807,-0.00294532875572807,-0.00294532875572807,-0.00294532875572807,0,0,0,0
ai_R_F_S3_V1,aftertax,5,delta,-0.00316316538769669,-0.00316316538769669,-0.00316316538769669,-0.00316316538769669,0,0,0,0
ai_R_F_S3_V1,aftertax,6,delta,-0.00320778549534131,-0.00320778549534131,-0.00320778549534131,-0.00320778549534131,0,0,0,0
ai_R_F_S3_V1,aftertax,7,delta,-0.0031620008905878,-0.0031620008905878,-0.0031620008905878,-0.0031620008905878,0,0,0,0
ai_R_F_S3_V1,aftertax,8,delta,-0.00281877259519719,-0.00281877259519719,-0.00281877259519719,-0.00281877259519719,0,0,0,0
ai_R_F_S3_V1,aftertax,9,delta,-0.00146163999922883,-0.00146163999922883,-0.00146163999922883,-0.00146163999922883,0,0,0,0
ai_R_F_S3_V1,aftertax,10,delta,0.0222716356994512,0.0222716356994512,0.0222716356994512,0.0222716356994512,0,0,0,0
ai_R_F_S3_V1,pretax,1,delta,-0.00115827691923742,-0.00115827691923742,-0.00115827691923742,-0.00115827691923742,0,0,0,0
ai_R_F_S3_V1,pretax,2,delta,-0.00201003070433051,-0.00201003070433051,-0.00201003070433051,-0.00201003070433051,0,0,0,0
ai_R_F_S3_V1,pretax,3,delta,-0.00233074188743977,-0.00233074188743977,-0.00233074188743977,-0.00233074188743977,0,0,0,0
ai_R_F_S3_V1,pretax,4,delta,-0.00308456136557747,-0.00308456136557747,-0.00308456136557747,-0.00308456136557747,0,0,0,0
ai_R_F_S3_V1,pretax,5,delta,-0.00350097844554143,-0.00350097844554143,-0.00350097844554143,-0.00350097844554143,0,0,0,0
ai_R_F_S3_V1,pretax,6,delta,-0.0037270270141611,-0.0037270270141611,-0.0037270270141611,-0.0037270270141611,0,0,0,0
ai_R_F_S3_V1,pretax,7,delta,-0.00388666294726353,-0.00388666294726353,-0.00388666294726353,-0.00388666294726353,0,0,0,0
ai_R_F_S3_V1,pretax,8,delta,-0.00380568254634545,-0.00380568254634545,-0.00380568254634545,-0.00380568254634545,0,0,0,0
ai_R_F_S3_V1,pretax,9,delta,-0.00263057535837086,-0.00263057535837086,-0.00263057535837086,-0.00263057535837086,0,0,0,0
ai_R_F_S3_V1,pretax,10,delta,0.0261345371882675,0.0261345371882675,0.0261345371882675,0.0261345371882675,0,0,0,0
ai_R_R_S0_V1,aftertax,1,delta,-0.000250238007788879,-0.000222479061042526,-0.000250238007788879,-0.000222479061042526,2.7758946746353e-05,0,2.7758946746353e-05,0
ai_R_R_S0_V1,aftertax,2,delta,-0.00046536309369111,-0.000423198592535059,-0.00046536309369111,-0.000423198592535059,4.2164501156051e-05,0,4.2164501156051e-05,0
ai_R_R_S0_V1,aftertax,3,delta,-0.000593523860917697,-0.000550854368620908,-0.000593523860917697,-0.000550854368620908,4.2669492296789e-05,0,4.2669492296789e-05,0
ai_R_R_S0_V1,aftertax,4,delta,-0.000767789763199966,-0.000649380396543178,-0.000767789763199966,-0.000649380396543178,0.000118409366656788,0,0.000118409366656788,0
ai_R_R_S0_V1,aftertax,5,delta,-0.000830016948830919,-0.000703017209588111,-0.000830016948830919,-0.000703017209588111,0.000126999739242808,0,0.000126999739242808,0
ai_R_R_S0_V1,aftertax,6,delta,-0.000897558298813356,-0.000744426807238685,-0.000897558298813356,-0.000744426807238685,0.000153131491574671,0,0.000153131491574671,0
ai_R_R_S0_V1,aftertax,7,delta,-0.000937568660134364,-0.000764333139485179,-0.000937568660134364,-0.000764333139485179,0.000173235520649185,0,0.000173235520649185,0
ai_R_R_S0_V1,aftertax,8,delta,-0.00092190848572965,-0.000742008015831464,-0.00092190848572965,-0.000742008015831464,0.000179900469898186,0,0.000179900469898186,0
ai_R_R_S0_V1,aftertax,9,delta,-0.000194484210504331,-0.000178266700784968,-0.000194484210504331,-0.000178266700784968,1.6217509719363e-05,0,1.6217509719363e-05,0
ai_R_R_S0_V1,aftertax,10,delta,0.00585845132961027,0.00497796429167008,0.00585845132961027,0.00497796429167008,-0.00088048703794019,0,-0.00088048703794019,0
ai_R_R_S0_V1,pretax,1,delta,-0.000237332832735773,-0.000210121689575555,-0.000237332832735773,-0.000210121689575555,2.7211143160218e-05,0,2.7211143160218e-05,0
ai_R_R_S0_V1,pretax,2,delta,-0.000454829183692138,-0.000413715597532335,-0.000454829183692138,-0.000413715597532335,4.1113586159803e-05,0,4.1113586159803e-05,0
ai_R_R_S0_V1,pretax,3,delta,-0.00057245617996559,-0.000528075664018406,-0.00057245617996559,-0.000528075664018406,4.4380515947184e-05,0,4.4380515947184e-05,0
ai_R_R_S0_V1,pretax,4,delta,-0.00075421236146727,-0.000642734830303582,-0.00075421236146727,-0.000642734830303582,0.000111477531163688,0,0.000111477531163688,0
ai_R_R_S0_V1,pretax,5,delta,-0.000832208752319527,-0.000699956612325914,-0.000832208752319527,-0.000699956612325914,0.000132252139993613,0,0.000132252139993613,0
ai_R_R_S0_V1,pretax,6,delta,-0.000920981875760812,-0.000774755622701767,-0.000920981875760812,-0.000774755622701767,0.000146226253059045,0,0.000146226253059045,0
ai_R_R_S0_V1,pretax,7,delta,-0.00103181476918096,-0.000849840221359033,-0.00103181476918096,-0.000849840221359033,0.000181974547821927,0,0.000181974547821927,0
ai_R_R_S0_V1,pretax,8,delta,-0.00115105428340268,-0.000962398047208879,-0.00115105428340268,-0.000962398047208879,0.000188656236193801,0,0.000188656236193801,0
ai_R_R_S0_V1,pretax,9,delta,-2.10036281615422e-05,-2.65877375113521e-05,-2.10036281615422e-05,-2.65877375113521e-05,-5.5841093498099e-06,0,-5.5841093498099e-06,0
ai_R_R_S0_V1,pretax,10,delta,0.00597589386668629,0.00510818602253682,0.00597589386668629,0.00510818602253682,-0.00086770784414947,0,-0.00086770784414947,0
ai_R_R_S2_V1,aftertax,1,delta,0.000873770689079,0.000896152765604851,0.000873770689079,0.000896152765604851,2.2382076525851e-05,0,2.2382076525851e-05,0
ai_R_R_S2_V1,aftertax,2,delta,0.00132223269651278,0.00136714035623755,0.00132223269651278,0.00136714035623755,4.49076597247701e-05,0,4.49076597247701e-05,0
ai_R_R_S2_V1,aftertax,3,delta,0.00152853315748277,0.00158750134318056,0.00152853315748277,0.00158750134318056,5.896818569779e-05,0,5.896818569779e-05,0
ai_R_R_S2_V1,aftertax,4,delta,0.0020628783235237,0.00218996415200849,0.0020628783235237,0.00218996415200849,0.00012708582848479,0,0.00012708582848479,0
ai_R_R_S2_V1,aftertax,5,delta,0.00212125773682383,0.00226685228371214,0.00212125773682383,0.00226685228371214,0.00014559454688831,0,0.00014559454688831,0
ai_R_R_S2_V1,aftertax,6,delta,0.00203137998299097,0.00220300565876505,0.00203137998299097,0.00220300565876505,0.00017162567577408,0,0.00017162567577408,0
ai_R_R_S2_V1,aftertax,7,delta,0.00187794149172929,0.00208796811384709,0.00187794149172929,0.00208796811384709,0.0002100266221178,0,0.0002100266221178,0
ai_R_R_S2_V1,aftertax,8,delta,0.00127951831005851,0.00148113493290986,0.00127951831005851,0.00148113493290986,0.00020161662285135,0,0.00020161662285135,0
ai_R_R_S2_V1,aftertax,9,delta,0.000210948561813418,0.000259258959058262,0.000210948561813418,0.000259258959058262,4.8310397244844e-05,0,4.8310397244844e-05,0
ai_R_R_S2_V1,aftertax,10,delta,-0.0133084609500143,-0.0143389785653238,-0.0133084609500143,-0.0143389785653238,-0.0010305176153095,0,-0.0010305176153095,0
ai_R_R_S2_V1,pretax,1,delta,0.000835683293599983,0.000847312589628772,0.000835683293599983,0.000847312589628772,1.1629296028789e-05,0,1.1629296028789e-05,0
ai_R_R_S2_V1,pretax,2,delta,0.00143253915378333,0.00147668736574019,0.00143253915378333,0.00147668736574019,4.414821195686e-05,0,4.414821195686e-05,0
ai_R_R_S2_V1,pretax,3,delta,0.00155992771428616,0.00161792599132192,0.00155992771428616,0.00161792599132192,5.79982770357601e-05,0,5.79982770357601e-05,0
ai_R_R_S2_V1,pretax,4,delta,0.00223383119524493,0.00236034242622667,0.00223383119524493,0.00236034242622667,0.00012651123098174,0,0.00012651123098174,0
ai_R_R_S2_V1,pretax,5,delta,0.00248219323086508,0.0026338530629802,0.00248219323086508,0.0026338530629802,0.00015165983211512,0,0.00015165983211512,0
ai_R_R_S2_V1,pretax,6,delta,0.00245510183389333,0.00262213518237722,0.00245510183389333,0.00262213518237722,0.00016703334848389,0,0.00016703334848389,0
ai_R_R_S2_V1,pretax,7,delta,0.00241332057966193,0.00264720795856754,0.00241332057966193,0.00264720795856754,0.00023388737890561,0,0.00023388737890561,0
ai_R_R_S2_V1,pretax,8,delta,0.00175148046259288,0.00197155912253338,0.00175148046259288,0.00197155912253338,0.0002200786599405,0,0.0002200786599405,0
ai_R_R_S2_V1,pretax,9,delta,0.00132293704136194,0.00135967908501122,0.00132293704136194,0.00135967908501122,3.67420436492799e-05,0,3.67420436492799e-05,0
ai_R_R_S2_V1,pretax,10,delta,-0.0164870145052896,-0.0175367027843871,-0.0164870145052896,-0.0175367027843871,-0.0010496882790975,0,-0.0010496882790975,0
ai_R_R_S3_V1,aftertax,1,delta,-0.00136917255184645,-0.0013366159025757,-0.00136917255184645,-0.0013366159025757,3.255664927075e-05,0,3.255664927075e-05,0
ai_R_R_S3_V1,aftertax,2,delta,-0.00214097757815213,-0.00210231174096536,-0.00214097757815213,-0.00210231174096536,3.86658371867698e-05,0,3.86658371867698e-05,0
ai_R_R_S3_V1,aftertax,3,delta,-0.00252255738726145,-0.00249361407404269,-0.00252255738726145,-0.00249361407404269,2.894331321876e-05,0,2.894331321876e-05,0
ai_R_R_S3_V1,aftertax,4,delta,-0.00353529009651579,-0.00342690109252462,-0.00353529009651579,-0.00342690109252462,0.00010838900399117,0,0.00010838900399117,0
ai_R_R_S3_V1,aftertax,5,delta,-0.00376718644660447,-0.0036574345064842,-0.00376718644660447,-0.0036574345064842,0.00010975194012027,0,0.00010975194012027,0
ai_R_R_S3_V1,aftertax,6,delta,-0.00392946572832817,-0.00379798927364042,-0.00392946572832817,-0.00379798927364042,0.00013147645468775,0,0.00013147645468775,0
ai_R_R_S3_V1,aftertax,7,delta,-0.0039550182241081,-0.00381763416775774,-0.0039550182241081,-0.00381763416775774,0.000137384056350361,0,0.000137384056350361,0
ai_R_R_S3_V1,aftertax,8,delta,-0.00361671595983448,-0.0034585709496458,-0.00361671595983448,-0.0034585709496458,0.00015814501018868,0,0.00015814501018868,0
ai_R_R_S3_V1,aftertax,9,delta,-0.00134198095350752,-0.00136449605807304,-0.00134198095350752,-0.00136449605807304,-2.25151045655202e-05,0,-2.25151045655202e-05,0
ai_R_R_S3_V1,aftertax,10,delta,0.0261783649261586,0.0254555677657096,0.0261783649261586,0.0254555677657096,-0.000722797160449002,0,-0.000722797160449002,0
ai_R_R_S3_V1,pretax,1,delta,-0.00127232098352533,-0.00124948043347781,-0.00127232098352533,-0.00124948043347781,2.284055004752e-05,0,2.284055004752e-05,0
ai_R_R_S3_V1,pretax,2,delta,-0.00220981831416758,-0.00217259173039026,-0.00220981831416758,-0.00217259173039026,3.72265837773199e-05,0,3.72265837773199e-05,0
ai_R_R_S3_V1,pretax,3,delta,-0.00246770908528695,-0.00244024538854763,-0.00246770908528695,-0.00244024538854763,2.746369673932e-05,0,2.746369673932e-05,0
ai_R_R_S3_V1,pretax,4,delta,-0.00360644520976418,-0.0035105178649228,-0.00360644520976418,-0.0035105178649228,9.59273448413803e-05,0,9.59273448413803e-05,0
ai_R_R_S3_V1,pretax,5,delta,-0.00412589566675557,-0.00400952342303112,-0.00412589566675557,-0.00400952342303112,0.00011637224372445,0,0.00011637224372445,0
ai_R_R_S3_V1,pretax,6,delta,-0.00438659466763965,-0.00425689466587263,-0.00438659466763965,-0.00425689466587263,0.00012970000176702,0,0.00012970000176702,0
ai_R_R_S3_V1,pretax,7,delta,-0.00469180801988167,-0.00455526008227278,-0.00469180801988167,-0.00455526008227278,0.00013654793760889,0,0.00013654793760889,0
ai_R_R_S3_V1,pretax,8,delta,-0.00460271534212933,-0.00444618247123363,-0.00460271534212933,-0.00444618247123363,0.0001565328708957,0,0.0001565328708957,0
ai_R_R_S3_V1,pretax,9,delta,-0.00227101875353392,-0.00232744433872989,-0.00227101875353392,-0.00232744433872989,-5.64255851959704e-05,0,-5.64255851959704e-05,0
ai_R_R_S3_V1,pretax,10,delta,0.0296343260426841,0.0289681403984785,0.0296343260426841,0.0289681403984785,-0.000666185644205598,0,-0.000666185644205598,0
ai_S_F_S0_V1,aftertax,1,delta,-2.70376076129293e-05,-2.70376076129293e-05,-2.70376076129293e-05,-2.70376076129293e-05,0,0,0,0
ai_S_F_S0_V1,aftertax,2,delta,-2.4554787887314e-05,-2.4554787887314e-05,-2.4554787887314e-05,-2.4554787887314e-05,0,0,0,0
ai_S_F_S0_V1,aftertax,3,delta,-3.58554183942546e-05,-3.58554183942546e-05,-3.58554183942546e-05,-3.58554183942546e-05,0,0,0,0
ai_S_F_S0_V1,aftertax,4,delta,-1.52740874172913e-05,-1.52740874172913e-05,-1.52740874172913e-05,-1.52740874172913e-05,0,0,0,0
ai_S_F_S0_V1,aftertax,5,delta,-1.0679899519736e-05,-1.0679899519736e-05,-1.0679899519736e-05,-1.0679899519736e-05,0,0,0,0
ai_S_F_S0_V1,aftertax,6,delta,-3.47106244708018e-06,-3.47106244708018e-06,-3.47106244708018e-06,-3.47106244708018e-06,0,0,0,0
ai_S_F_S0_V1,aftertax,7,delta,4.36483038912527e-06,4.36483038912527e-06,4.36483038912527e-06,4.36483038912527e-06,0,0,0,0
ai_S_F_S0_V1,aftertax,8,delta,9.14525020451196e-06,9.14525020451196e-06,9.14525020451196e-06,9.14525020451196e-06,0,0,0,0
ai_S_F_S0_V1,aftertax,9,delta,2.59567570159991e-06,2.59567570159991e-06,2.59567570159991e-06,2.59567570159991e-06,0,0,0,0
ai_S_F_S0_V1,aftertax,10,delta,0.000100767106983368,0.000100767106983368,0.000100767106983368,0.000100767106983368,0,0,0,0
ai_S_F_S0_V1,pretax,1,delta,-2.21863426844611e-05,-2.21863426844611e-05,-2.21863426844611e-05,-2.21863426844611e-05,0,0,0,0
ai_S_F_S0_V1,pretax,2,delta,-2.21674023947703e-05,-2.21674023947703e-05,-2.21674023947703e-05,-2.21674023947703e-05,0,0,0,0
ai_S_F_S0_V1,pretax,3,delta,-3.21503862830905e-05,-3.21503862830905e-05,-3.21503862830905e-05,-3.21503862830905e-05,0,0,0,0
ai_S_F_S0_V1,pretax,4,delta,-1.81354564896333e-05,-1.81354564896333e-05,-1.81354564896333e-05,-1.81354564896333e-05,0,0,0,0
ai_S_F_S0_V1,pretax,5,delta,-9.82071908776916e-06,-9.82071908776916e-06,-9.82071908776916e-06,-9.82071908776916e-06,0,0,0,0
ai_S_F_S0_V1,pretax,6,delta,-1.02808974449808e-05,-1.02808974449808e-05,-1.02808974449808e-05,-1.02808974449808e-05,0,0,0,0
ai_S_F_S0_V1,pretax,7,delta,3.67141290125161e-06,3.67141290125161e-06,3.67141290125161e-06,3.67141290125161e-06,0,0,0,0
ai_S_F_S0_V1,pretax,8,delta,-8.89008126880864e-06,-8.89008126880864e-06,-8.89008126880864e-06,-8.89008126880864e-06,0,0,0,0
ai_S_F_S0_V1,pretax,9,delta,1.02041947525056e-06,1.02041947525056e-06,1.02041947525056e-06,1.02041947525056e-06,0,0,0,0
ai_S_F_S0_V1,pretax,10,delta,0.000118939453277012,0.000118939453277012,0.000118939453277012,0.000118939453277012,0,0,0,0
ai_S_F_S2_V1,aftertax,1,delta,6.54480353109409e-05,6.54480353109409e-05,6.54480353109409e-05,6.54480353109409e-05,0,0,0,0
ai_S_F_S2_V1,aftertax,2,delta,0.000124083276283469,0.000124083276283469,0.000124083276283469,0.000124083276283469,0,0,0,0
ai_S_F_S2_V1,aftertax,3,delta,0.000133840008114207,0.000133840008114207,0.000133840008114207,0.000133840008114207,0,0,0,0
ai_S_F_S2_V1,aftertax,4,delta,0.000215409015696284,0.000215409015696284,0.000215409015696284,0.000215409015696284,0,0,0,0
ai_S_F_S2_V1,aftertax,5,delta,0.000237746011562942,0.000237746011562942,0.000237746011562942,0.000237746011562942,0,0,0,0
ai_S_F_S2_V1,aftertax,6,delta,0.000248084636161744,0.000248084636161744,0.000248084636161744,0.000248084636161744,0,0,0,0
ai_S_F_S2_V1,aftertax,7,delta,0.000255328791643056,0.000255328791643056,0.000255328791643056,0.000255328791643056,0,0,0,0
ai_S_F_S2_V1,aftertax,8,delta,0.000217394541494553,0.000217394541494553,0.000217394541494553,0.000217394541494553,0,0,0,0
ai_S_F_S2_V1,aftertax,9,delta,7.80693130101318e-05,7.80693130101318e-05,7.80693130101318e-05,7.80693130101318e-05,0,0,0,0
ai_S_F_S2_V1,aftertax,10,delta,-0.00157540362927733,-0.00157540362927733,-0.00157540362927733,-0.00157540362927733,0,0,0,0
ai_S_F_S2_V1,pretax,1,delta,6.75006463002007e-05,6.75006463002007e-05,6.75006463002007e-05,6.75006463002007e-05,0,0,0,0
ai_S_F_S2_V1,pretax,2,delta,0.00013076610580413,0.00013076610580413,0.00013076610580413,0.00013076610580413,0,0,0,0
ai_S_F_S2_V1,pretax,3,delta,0.000141545537732941,0.000141545537732941,0.000141545537732941,0.000141545537732941,0,0,0,0
ai_S_F_S2_V1,pretax,4,delta,0.000223967500801572,0.000223967500801572,0.000223967500801572,0.000223967500801572,0,0,0,0
ai_S_F_S2_V1,pretax,5,delta,0.000269748501882133,0.000269748501882133,0.000269748501882133,0.000269748501882133,0,0,0,0
ai_S_F_S2_V1,pretax,6,delta,0.000278141645330604,0.000278141645330604,0.000278141645330604,0.000278141645330604,0,0,0,0
ai_S_F_S2_V1,pretax,7,delta,0.000312836783754517,0.000312836783754517,0.000312836783754517,0.000312836783754517,0,0,0,0
ai_S_F_S2_V1,pretax,8,delta,0.000261731526717712,0.000261731526717712,0.000261731526717712,0.000261731526717712,0,0,0,0
ai_S_F_S2_V1,pretax,9,delta,0.000163302081962136,0.000163302081962136,0.000163302081962136,0.000163302081962136,0,0,0,0
ai_S_F_S2_V1,pretax,10,delta,-0.00184954033028595,-0.00184954033028595,-0.00184954033028595,-0.00184954033028595,0,0,0,0
ai_S_F_S3_V1,aftertax,1,delta,-0.000117168414020371,-0.000117168414020371,-0.000117168414020371,-0.000117168414020371,0,0,0,0
ai_S_F_S3_V1,aftertax,2,delta,-0.0001716989923214,-0.0001716989923214,-0.0001716989923214,-0.0001716989923214,0,0,0,0
ai_S_F_S3_V1,aftertax,3,delta,-0.000203606834112108,-0.000203606834112108,-0.000203606834112108,-0.000203606834112108,0,0,0,0
ai_S_F_S3_V1,aftertax,4,delta,-0.000245134404868418,-0.000245134404868418,-0.000245134404868418,-0.000245134404868418,0,0,0,0
ai_S_F_S3_V1,aftertax,5,delta,-0.000259079684903601,-0.000259079684903601,-0.000259079684903601,-0.000259079684903601,0,0,0,0
ai_S_F_S3_V1,aftertax,6,delta,-0.000255709232833135,-0.000255709232833135,-0.000255709232833135,-0.000255709232833135,0,0,0,0
ai_S_F_S3_V1,aftertax,7,delta,-0.000248140468608576,-0.000248140468608576,-0.000248140468608576,-0.000248140468608576,0,0,0,0
ai_S_F_S3_V1,aftertax,8,delta,-0.000202763569231268,-0.000202763569231268,-0.000202763569231268,-0.000202763569231268,0,0,0,0
ai_S_F_S3_V1,aftertax,9,delta,-7.89709356679436e-05,-7.89709356679436e-05,-7.89709356679436e-05,-7.89709356679436e-05,0,0,0,0
ai_S_F_S3_V1,aftertax,10,delta,0.00178227253656682,0.00178227253656682,0.00178227253656682,0.00178227253656682,0,0,0,0
ai_S_F_S3_V1,pretax,1,delta,-0.000111971933951908,-0.000111971933951908,-0.000111971933951908,-0.000111971933951908,0,0,0,0
ai_S_F_S3_V1,pretax,2,delta,-0.000173024413474315,-0.000173024413474315,-0.000173024413474315,-0.000173024413474315,0,0,0,0
ai_S_F_S3_V1,pretax,3,delta,-0.000202874705626598,-0.000202874705626598,-0.000202874705626598,-0.000202874705626598,0,0,0,0
ai_S_F_S3_V1,pretax,4,delta,-0.000258834743939278,-0.000258834743939278,-0.000258834743939278,-0.000258834743939278,0,0,0,0
ai_S_F_S3_V1,pretax,5,delta,-0.000289076307799591,-0.000289076307799591,-0.000289076307799591,-0.000289076307799591,0,0,0,0
ai_S_F_S3_V1,pretax,6,delta,-0.000299319559127043,-0.000299319559127043,-0.000299319559127043,-0.000299319559127043,0,0,0,0
ai_S_F_S3_V1,pretax,7,delta,-0.000306836789863457,-0.000306836789863457,-0.000306836789863457,-0.000306836789863457,0,0,0,0
ai_S_F_S3_V1,pretax,8,delta,-0.000283788451095113,-0.000283788451095113,-0.000283788451095113,-0.000283788451095113,0,0,0,0
ai_S_F_S3_V1,pretax,9,delta,-0.000168025988301512,-0.000168025988301512,-0.000168025988301512,-0.000168025988301512,0,0,0,0
ai_S_F_S3_V1,pretax,10,delta,0.00209375289317881,0.00209375289317881,0.00209375289317881,0.00209375289317881,0,0,0,0
ai_S_R_S0_V1,aftertax,1,delta,-4.35074960106526e-05,-4.35074960106526e-05,-4.35074960106526e-05,-4.35074960106526e-05,0,0,0,0
ai_S_R_S0_V1,aftertax,2,delta,-4.90680835589473e-05,-4.90680835589473e-05,-4.90680835589473e-05,-4.90680835589473e-05,0,0,0,0
ai_S_R_S0_V1,aftertax,3,delta,-5.927578025074e-05,-5.927578025074e-05,-5.927578025074e-05,-5.927578025074e-05,0,0,0,0
ai_S_R_S0_V1,aftertax,4,delta,-7.94147656814972e-05,-7.94147656814972e-05,-7.94147656814972e-05,-7.94147656814972e-05,0,0,0,0
ai_S_R_S0_V1,aftertax,5,delta,-8.84081938152259e-05,-8.84081938152259e-05,-8.84081938152259e-05,-8.84081938152259e-05,0,0,0,0
ai_S_R_S0_V1,aftertax,6,delta,-8.91953757830299e-05,-8.91953757830299e-05,-8.91953757830299e-05,-8.91953757830299e-05,0,0,0,0
ai_S_R_S0_V1,aftertax,7,delta,-0.000102367122386454,-0.000102367122386454,-0.000102367122386454,-0.000102367122386454,0,0,0,0
ai_S_R_S0_V1,aftertax,8,delta,-8.70770577459101e-05,-8.70770577459101e-05,-8.70770577459101e-05,-8.70770577459101e-05,0,0,0,0
ai_S_R_S0_V1,aftertax,9,delta,6.70022099091838e-06,6.70022099091838e-06,6.70022099091838e-06,6.70022099091838e-06,0,0,0,0
ai_S_R_S0_V1,aftertax,10,delta,0.000591613654241541,0.000591613654241541,0.000591613654241541,0.000591613654241541,0,0,0,0
ai_S_R_S0_V1,pretax,1,delta,-3.88898600979792e-05,-3.88898600979792e-05,-3.88898600979792e-05,-3.88898600979792e-05,0,0,0,0
ai_S_R_S0_V1,pretax,2,delta,-4.70764094709503e-05,-4.70764094709503e-05,-4.70764094709503e-05,-4.70764094709503e-05,0,0,0,0
ai_S_R_S0_V1,pretax,3,delta,-5.76347480663667e-05,-5.76347480663667e-05,-5.76347480663667e-05,-5.76347480663667e-05,0,0,0,0
ai_S_R_S0_V1,pretax,4,delta,-7.61770861544206e-05,-7.61770861544206e-05,-7.61770861544206e-05,-7.61770861544206e-05,0,0,0,0
ai_S_R_S0_V1,pretax,5,delta,-9.04643932031907e-05,-9.04643932031907e-05,-9.04643932031907e-05,-9.04643932031907e-05,0,0,0,0
ai_S_R_S0_V1,pretax,6,delta,-8.65918025012014e-05,-8.65918025012014e-05,-8.65918025012014e-05,-8.65918025012014e-05,0,0,0,0
ai_S_R_S0_V1,pretax,7,delta,-0.000113072160169314,-0.000113072160169314,-0.000113072160169314,-0.000113072160169314,0,0,0,0
ai_S_R_S0_V1,pretax,8,delta,-0.000108281694346901,-0.000108281694346901,-0.000108281694346901,-0.000108281694346901,0,0,0,0
ai_S_R_S0_V1,pretax,9,delta,4.06130123636328e-05,4.06130123636328e-05,4.06130123636328e-05,4.06130123636328e-05,0,0,0,0
ai_S_R_S0_V1,pretax,10,delta,0.000577575141646691,0.000577575141646691,0.000577575141646691,0.000577575141646691,0,0,0,0
ai_S_R_S2_V1,aftertax,1,delta,5.06966274641668e-05,5.06966274641668e-05,5.06966274641668e-05,5.06966274641668e-05,0,0,0,0
ai_S_R_S2_V1,aftertax,2,delta,9.94899281781085e-05,9.94899281781085e-05,9.94899281781085e-05,9.94899281781085e-05,0,0,0,0
ai_S_R_S2_V1,aftertax,3,delta,0.000110277108599326,0.000110277108599326,0.000110277108599326,0.000110277108599326,0,0,0,0
ai_S_R_S2_V1,aftertax,4,delta,0.000150887383629457,0.000150887383629457,0.000150887383629457,0.000150887383629457,0,0,0,0
ai_S_R_S2_V1,aftertax,5,delta,0.000159403254257326,0.000159403254257326,0.000159403254257326,0.000159403254257326,0,0,0,0
ai_S_R_S2_V1,aftertax,6,delta,0.000161474815037033,0.000161474815037033,0.000161474815037033,0.000161474815037033,0,0,0,0
ai_S_R_S2_V1,aftertax,7,delta,0.000146611528437091,0.000146611528437091,0.000146611528437091,0.000146611528437091,0,0,0,0
ai_S_R_S2_V1,aftertax,8,delta,0.000119234696684012,0.000119234696684012,0.000119234696684012,0.000119234696684012,0,0,0,0
ai_S_R_S2_V1,aftertax,9,delta,7.96241217652649e-05,7.96241217652649e-05,7.96241217652649e-05,7.96241217652649e-05,0,0,0,0
ai_S_R_S2_V1,aftertax,10,delta,-0.00107769946405178,-0.00107769946405178,-0.00107769946405178,-0.00107769946405178,0,0,0,0
ai_S_R_S2_V1,pretax,1,delta,5.52820326333268e-05,5.52820326333268e-05,5.52820326333268e-05,5.52820326333268e-05,0,0,0,0
ai_S_R_S2_V1,pretax,2,delta,0.000105861320507373,0.000105861320507373,0.000105861320507373,0.000105861320507373,0,0,0,0
ai_S_R_S2_V1,pretax,3,delta,0.000115918214228017,0.000115918214228017,0.000115918214228017,0.000115918214228017,0,0,0,0
ai_S_R_S2_V1,pretax,4,delta,0.000165774137116825,0.000165774137116825,0.000165774137116825,0.000165774137116825,0,0,0,0
ai_S_R_S2_V1,pretax,5,delta,0.000188967223267597,0.000188967223267597,0.000188967223267597,0.000188967223267597,0,0,0,0
ai_S_R_S2_V1,pretax,6,delta,0.000201249978692086,0.000201249978692086,0.000201249978692086,0.000201249978692086,0,0,0,0
ai_S_R_S2_V1,pretax,7,delta,0.000193224021441368,0.000193224021441368,0.000193224021441368,0.000193224021441368,0,0,0,0
ai_S_R_S2_V1,pretax,8,delta,0.000160568407111872,0.000160568407111872,0.000160568407111872,0.000160568407111872,0,0,0,0
ai_S_R_S2_V1,pretax,9,delta,0.000197782121634793,0.000197782121634793,0.000197782121634793,0.000197782121634793,0,0,0,0
ai_S_R_S2_V1,pretax,10,delta,-0.00138462745663326,-0.00138462745663326,-0.00138462745663326,-0.00138462745663326,0,0,0,0
ai_S_R_S3_V1,aftertax,1,delta,-0.000134505820992096,-0.000134505820992096,-0.000134505820992096,-0.000134505820992096,0,0,0,0
ai_S_R_S3_V1,aftertax,2,delta,-0.000195565362279288,-0.000195565362279288,-0.000195565362279288,-0.000195565362279288,0,0,0,0
ai_S_R_S3_V1,aftertax,3,delta,-0.000226436596876527,-0.000226436596876527,-0.000226436596876527,-0.000226436596876527,0,0,0,0
ai_S_R_S3_V1,aftertax,4,delta,-0.000309199182843646,-0.000309199182843646,-0.000309199182843646,-0.000309199182843646,0,0,0,0
ai_S_R_S3_V1,aftertax,5,delta,-0.000335832086704138,-0.000335832086704138,-0.000335832086704138,-0.000335832086704138,0,0,0,0
ai_S_R_S3_V1,aftertax,6,delta,-0.000340347423391424,-0.000340347423391424,-0.000340347423391424,-0.000340347423391424,0,0,0,0
ai_S_R_S3_V1,aftertax,7,delta,-0.000353043957968979,-0.000353043957968979,-0.000353043957968979,-0.000353043957968979,0,0,0,0
ai_S_R_S3_V1,aftertax,8,delta,-0.00029705931659274,-0.00029705931659274,-0.00029705931659274,-0.00029705931659274,0,0,0,0
ai_S_R_S3_V1,aftertax,9,delta,-7.29529409125296e-05,-7.29529409125296e-05,-7.29529409125296e-05,-7.29529409125296e-05,0,0,0,0
ai_S_R_S3_V1,aftertax,10,delta,0.00226494268856137,0.00226494268856137,0.00226494268856137,0.00226494268856137,0,0,0,0
ai_S_R_S3_V1,pretax,1,delta,-0.000128177007996293,-0.000128177007996293,-0.000128177007996293,-0.000128177007996293,0,0,0,0
ai_S_R_S3_V1,pretax,2,delta,-0.000197961313558027,-0.000197961313558027,-0.000197961313558027,-0.000197961313558027,0,0,0,0
ai_S_R_S3_V1,pretax,3,delta,-0.000225693399562486,-0.000225693399562486,-0.000225693399562486,-0.000225693399562486,0,0,0,0
ai_S_R_S3_V1,pretax,4,delta,-0.000315949550906691,-0.000315949550906691,-0.000315949550906691,-0.000315949550906691,0,0,0,0
ai_S_R_S3_V1,pretax,5,delta,-0.00036857127786466,-0.00036857127786466,-0.00036857127786466,-0.00036857127786466,0,0,0,0
ai_S_R_S3_V1,pretax,6,delta,-0.000374792586216116,-0.000374792586216116,-0.000374792586216116,-0.000374792586216116,0,0,0,0
ai_S_R_S3_V1,pretax,7,delta,-0.00042070632084984,-0.00042070632084984,-0.00042070632084984,-0.00042070632084984,0,0,0,0
ai_S_R_S3_V1,pretax,8,delta,-0.000382149730512871,-0.000382149730512871,-0.000382149730512871,-0.000382149730512871,0,0,0,0
ai_S_R_S3_V1,pretax,9,delta,-0.000125461565043061,-0.000125461565043061,-0.000125461565043061,-0.000125461565043061,0,0,0,0
ai_S_R_S3_V1,pretax,10,delta,0.00253946275251005,0.00253946275251005,0.00253946275251005,0.00253946275251005,0,0,0,0
