scenario_id,income_concept,A,B,C,D,karger_fix,cbo_fix,total,interaction
ai_M_F_S0_V1,aftertax,0.000665798267199036,0.000665798267199036,0.000665798267199036,0.000665798267199036,0,0,0,0
ai_M_F_S0_V1,pretax,0.000723998341938703,0.000723998341938703,0.000723998341938703,0.000723998341938703,0,0,0,0
ai_M_F_S2_V1,aftertax,-0.00999428149430426,-0.00999428149430426,-0.00999428149430426,-0.00999428149430426,0,0,0,0
ai_M_F_S2_V1,pretax,-0.0110912337304435,-0.0110912337304435,-0.0110912337304435,-0.0110912337304435,0,0,0,0
ai_M_F_S3_V1,aftertax,0.0113686589440921,0.0113686589440921,0.0113686589440921,0.0113686589440921,0,0,0,0
ai_M_F_S3_V1,pretax,0.0125568302118483,0.0125568302118483,0.0125568302118483,0.0125568302118483,0,0,0,0
ai_M_R_S0_V1,aftertax,0.00232151612014808,0.00212396841584506,0.00232151612014808,0.00212396841584506,-0.00019754770430302,0,-0.00019754770430302,0
ai_M_R_S0_V1,pretax,0.00232200564657226,0.00212218288533417,0.00232200564657226,0.00212218288533417,-0.00019982276123809,0,-0.00019982276123809,0
ai_M_R_S2_V1,aftertax,-0.00819969782833962,-0.0084203710684565,-0.00819969782833962,-0.0084203710684565,-0.000220673240116881,0,-0.000220673240116881,0
ai_M_R_S2_V1,pretax,-0.00934041490590731,-0.00955775157932159,-0.00934041490590731,-0.00955775157932159,-0.000217336673414281,0,-0.000217336673414281,0
ai_M_R_S3_V1,aftertax,0.0128970851395976,0.0127139184310602,0.0128970851395976,0.0127139184310602,-0.000183166708537399,0,-0.000183166708537399,0
ai_M_R_S3_V1,pretax,0.0139918974602777,0.0138215817768991,0.0139918974602777,0.0138215817768991,-0.000170315683378599,0,-0.000170315683378599,0
ai_R_F_S0_V1,aftertax,0.00128688145619849,0.00128688145619849,0.00128688145619849,0.00128688145619849,0,0,0,0
ai_R_F_S0_V1,pretax,0.00142023834104754,0.00142023834104754,0.00142023834104754,0.00142023834104754,0,0,0,0
ai_R_F_S2_V1,aftertax,-0.0199392721091564,-0.0199392721091564,-0.0199392721091564,-0.0199392721091564,0,0,0,0
ai_R_F_S2_V1,pretax,-0.0221518344785286,-0.0221518344785286,-0.0221518344785286,-0.0221518344785286,0,0,0,0
ai_R_F_S3_V1,aftertax,0.0228645329753695,0.0228645329753695,0.0228645329753695,0.0228645329753695,0,0,0,0
ai_R_F_S3_V1,pretax,0.0252469889834115,0.0252469889834115,0.0252469889834115,0.0252469889834115,0,0,0,0
ai_R_R_S0_V1,aftertax,0.00571956144234964,0.00491329680055819,0.00571956144234964,0.00491329680055819,-0.00080626464179145,0,-0.00080626464179145,0
ai_R_R_S0_V1,pretax,0.00574603620565162,0.00494467138244681,0.00574603620565162,0.00494467138244681,-0.000801364823204811,0,-0.000801364823204811,0
ai_R_R_S2_V1,aftertax,-0.0149261917510183,-0.015846882970267,-0.0149261917510183,-0.015846882970267,-0.000920691219248699,0,-0.000920691219248699,0
ai_R_R_S2_V1,pretax,-0.0171011068791482,-0.0180245350859591,-0.0171011068791482,-0.0180245350859591,-0.000923428206810899,0,-0.000923428206810899,0
ai_R_R_S3_V1,aftertax,0.0265723345799795,0.0258816145885689,0.0265723345799795,0.0258816145885689,-0.000690719991410602,0,-0.000690719991410602,0
ai_R_R_S3_V1,pretax,0.0286464835871295,0.0280033358073667,0.0286464835871295,0.0280033358073667,-0.000643147779762803,0,-0.000643147779762803,0
ai_S_F_S0_V1,aftertax,0.000158967514796826,0.000158967514796826,0.000158967514796826,0.000158967514796826,0,0,0,0
ai_S_F_S0_V1,pretax,0.0001562303293281,0.0001562303293281,0.0001562303293281,0.0001562303293281,0,0,0,0
ai_S_F_S2_V1,aftertax,-0.00159079977957866,-0.00159079977957866,-0.00159079977957866,-0.00159079977957866,0,0,0,0
ai_S_F_S2_V1,pretax,-0.00178621828915337,-0.00178621828915337,-0.00178621828915337,-0.00178621828915337,0,0,0,0
ai_S_F_S3_V1,aftertax,0.00190404086039109,0.00190404086039109,0.00190404086039109,0.00190404086039109,0,0,0,0
ai_S_F_S3_V1,pretax,0.00209497227948774,0.00209497227948774,0.00209497227948774,0.00209497227948774,0,0,0,0
ai_S_R_S0_V1,aftertax,0.000620648841470062,0.000620648841470062,0.000620648841470062,0.000620648841470062,0,0,0,0
ai_S_R_S0_V1,pretax,0.000605342719301016,0.000605342719301016,0.000605342719301016,0.000605342719301016,0,0,0,0
ai_S_R_S2_V1,aftertax,-0.00112688825888563,-0.00112688825888563,-0.00112688825888563,-0.00112688825888563,0,0,0,0
ai_S_R_S2_V1,pretax,-0.00133969106699938,-0.00133969106699938,-0.00133969106699938,-0.00133969106699938,0,0,0,0
ai_S_R_S3_V1,aftertax,0.00236025100776249,0.00236025100776249,0.00236025100776249,0.00236025100776249,0,0,0,0
ai_S_R_S3_V1,pretax,0.0025322541709929,0.0025322541709929,0.0025322541709929,0.0025322541709929,0,0,0,0
