scenario_id,metric,A,B,C,D,karger_fix,cbo_fix,total,interaction
ai_M_F_S0_V1,baseline_rev_to_gdp_cbo,0.177,0.177,0.176381,0.176381,0,-0.000618999999999981,-0.000618999999999981,0
ai_M_F_S0_V1,baseline_revenue_B_cbo,6618.207,6618.207,6595.061971,6595.061971,0,-23.1450290000003,-23.1450290000003,0
ai_M_F_S0_V1,delta_rev_to_gdp,-0.000966897628134789,-0.000966897628134789,-0.00097498473416846,-0.00097498473416846,0,-8.08710603367104e-06,-8.08710603367104e-06,0
ai_M_F_S0_V1,delta_rev_to_gdp_cbo,-0.00148558309057403,-0.00148558309057403,-0.00147224992003586,-0.00147224992003586,0,1.33331705381701e-05,1.33331705381701e-05,0
ai_M_F_S0_V1,g_y,0.0358450525211245,0.0358450525211245,0.0358450525211245,0.0358450525211245,0,0,0,0
ai_M_F_S0_V1,scenario_rev_to_gdp_cbo,0.175514416909426,0.175514416909426,0.174908750079964,0.174908750079964,0,-0.000605666829462004,-0.000605666829462004,0
ai_M_F_S2_V1,baseline_rev_to_gdp_cbo,0.177,0.177,0.176381,0.176381,0,-0.000618999999999981,-0.000618999999999981,0
ai_M_F_S2_V1,baseline_revenue_B_cbo,6618.207,6618.207,6595.061971,6595.061971,0,-23.1450290000003,-23.1450290000003,0
ai_M_F_S2_V1,delta_rev_to_gdp,-0.00149884424699259,-0.00149884424699259,-0.00150693135302624,-0.00150693135302624,0,-8.0871060336499e-06,-8.0871060336499e-06,0
ai_M_F_S2_V1,delta_rev_to_gdp_cbo,-0.00201752970943184,-0.00201752970943184,-0.00200419653889367,-0.00200419653889367,0,1.33331705381703e-05,1.33331705381703e-05,0
ai_M_F_S2_V1,g_y,0.0358450525211245,0.0358450525211245,0.0358450525211245,0.0358450525211245,0,0,0,0
ai_M_F_S2_V1,scenario_rev_to_gdp_cbo,0.174982470290568,0.174982470290568,0.174376803461106,0.174376803461106,0,-0.000605666829461976,-0.000605666829461976,0
ai_M_F_S3_V1,baseline_rev_to_gdp_cbo,0.177,0.177,0.176381,0.176381,0,-0.000618999999999981,-0.000618999999999981,0
ai_M_F_S3_V1,baseline_revenue_B_cbo,6618.207,6618.207,6595.061971,6595.061971,0,-23.1450290000003,-23.1450290000003,0
ai_M_F_S3_V1,delta_rev_to_gdp,-0.000395195820556776,-0.000395195820556776,-0.000403282926590448,-0.000403282926590448,0,-8.08710603367202e-06,-8.08710603367202e-06,0
ai_M_F_S3_V1,delta_rev_to_gdp_cbo,-0.000913881282996021,-0.000913881282996021,-0.00090054811245785,-0.00090054811245785,0,1.3333170538171e-05,1.3333170538171e-05,0
ai_M_F_S3_V1,g_y,0.0358450525211245,0.0358450525211245,0.0358450525211245,0.0358450525211245,0,0,0,0
ai_M_F_S3_V1,scenario_rev_to_gdp_cbo,0.176086118717004,0.176086118717004,0.175480451887542,0.175480451887542,0,-0.000605666829462004,-0.000605666829462004,0
ai_M_R_S0_V1,baseline_rev_to_gdp_cbo,0.177,0.177,0.176381,0.176381,0,-0.000618999999999981,-0.000618999999999981,0
ai_M_R_S0_V1,baseline_revenue_B_cbo,6618.207,6618.207,6595.061971,6595.061971,0,-23.1450290000003,-23.1450290000003,0
ai_M_R_S0_V1,delta_rev_to_gdp,-0.00289137988833907,-0.00266600224286528,-0.00290839485954128,-0.00268196687698885,0.00022537764547379,-1.70149712022099e-05,0.00020941301135022,1.05033707864001e-06
ai_M_R_S0_V1,delta_rev_to_gdp_cbo,-0.00341006535077831,-0.00318468770530453,-0.00340566004540868,-0.00317923206285625,0.00022537764547378,4.40530536963005e-06,0.00023083328792206,1.05033707864998e-06
ai_M_R_S0_V1,g_y,0.0358450525211245,0.0358450525211245,0.0358450525211245,0.0358450525211245,0,0,0,0
ai_M_R_S0_V1,scenario_rev_to_gdp_cbo,0.173589934649222,0.173815312294695,0.172975339954591,0.173201767937144,0.000225377645472979,-0.000614594694631015,-0.000388166712078003,1.05033708003299e-06
ai_M_R_S2_V1,baseline_rev_to_gdp_cbo,0.177,0.177,0.176381,0.176381,0,-0.000618999999999981,-0.000618999999999981,0
ai_M_R_S2_V1,baseline_revenue_B_cbo,6618.207,6618.207,6595.061971,6595.061971,0,-23.1450290000003,-23.1450290000003,0
ai_M_R_S2_V1,delta_rev_to_gdp,-0.00341566411201616,-0.00319116646118711,-0.00343267908321834,-0.00320713109531068,0.00022449765082905,-1.701497120218e-05,0.00020853301670548,1.05033707860965e-06
ai_M_R_S2_V1,delta_rev_to_gdp_cbo,-0.0039343495744554,-0.00370985192362636,-0.00392994426908574,-0.00370439628117808,0.00022449765082904,4.40530536965998e-06,0.00022995329327732,1.05033707862006e-06
ai_M_R_S2_V1,g_y,0.0358450525211245,0.0358450525211245,0.0358450525211245,0.0358450525211245,0,0,0,0
ai_M_R_S2_V1,scenario_rev_to_gdp_cbo,0.173065650425545,0.173290148076374,0.172451055730914,0.172676603718822,0.000224497650828992,-0.000614594694631015,-0.00038904670672299,1.05033707903379e-06
ai_M_R_S3_V1,baseline_rev_to_gdp_cbo,0.177,0.177,0.176381,0.176381,0,-0.000618999999999981,-0.000618999999999981,0
ai_M_R_S3_V1,baseline_revenue_B_cbo,6618.207,6618.207,6595.061971,6595.061971,0,-23.1450290000003,-23.1450290000003,0
ai_M_R_S3_V1,delta_rev_to_gdp,-0.00232747558241342,-0.00210099861577165,-0.0023444905536156,-0.00211696324989522,0.00022647696664177,-1.701497120218e-05,0.0002105123325182,1.05033707861009e-06
ai_M_R_S3_V1,delta_rev_to_gdp_cbo,-0.00284616104485266,-0.00261968407821089,-0.002841755739483,-0.00261422843576262,0.00022647696664177,4.40530536965998e-06,0.00023193260909004,1.05033707861009e-06
ai_M_R_S3_V1,g_y,0.0358450525211245,0.0358450525211245,0.0358450525211245,0.0358450525211245,0,0,0,0
ai_M_R_S3_V1,scenario_rev_to_gdp_cbo,0.174153838955147,0.174380315921789,0.173539244260517,0.173766771564237,0.000226476966641992,-0.000614594694629989,-0.00038706739090999,1.05033707800684e-06
ai_R_F_S0_V1,baseline_rev_to_gdp_cbo,0.177,0.177,0.176381,0.176381,0,-0.000618999999999981,-0.000618999999999981,0
ai_R_F_S0_V1,baseline_revenue_B_cbo,6618.207,6618.207,6595.061971,6595.061971,0,-23.1450290000003,-23.1450290000003,0
ai_R_F_S0_V1,delta_rev_to_gdp,-0.0018330386533803,-0.0018330386533803,-0.00184866705208914,-0.00184866705208914,0,-1.56283987088402e-05,-1.56283987088402e-05,0
ai_R_F_S0_V1,delta_rev_to_gdp_cbo,-0.00283540256177145,-0.00283540256177145,-0.00280963610039997,-0.00280963610039997,0,2.57664613714801e-05,2.57664613714801e-05,0
ai_R_F_S0_V1,g_y,0.0716663637828425,0.0716663637828425,0.0716663637828425,0.0716663637828425,0,0,0,0
ai_R_F_S0_V1,scenario_rev_to_gdp_cbo,0.174164597438229,0.174164597438229,0.1735713638996,0.1735713638996,0,-0.000593233538629001,-0.000593233538629001,0
ai_R_F_S2_V1,baseline_rev_to_gdp_cbo,0.177,0.177,0.176381,0.176381,0,-0.000618999999999981,-0.000618999999999981,0
ai_R_F_S2_V1,baseline_revenue_B_cbo,6618.207,6618.207,6595.061971,6595.061971,0,-23.1450290000003,-23.1450290000003,0
ai_R_F_S2_V1,delta_rev_to_gdp,-0.00285043974992463,-0.00285043974992463,-0.00286606814863347,-0.00286606814863347,0,-1.562839870884e-05,-1.562839870884e-05,0
ai_R_F_S2_V1,delta_rev_to_gdp_cbo,-0.00385280365831578,-0.00385280365831578,-0.0038270371969443,-0.0038270371969443,0,2.57664613714801e-05,2.57664613714801e-05,0
ai_R_F_S2_V1,g_y,0.0716663637828425,0.0716663637828425,0.0716663637828425,0.0716663637828425,0,0,0,0
ai_R_F_S2_V1,scenario_rev_to_gdp_cbo,0.173147196341684,0.173147196341684,0.172553962803056,0.172553962803056,0,-0.000593233538628002,-0.000593233538628002,0
ai_R_F_S3_V1,baseline_rev_to_gdp_cbo,0.177,0.177,0.176381,0.176381,0,-0.000618999999999981,-0.000618999999999981,0
ai_R_F_S3_V1,baseline_revenue_B_cbo,6618.207,6618.207,6595.061971,6595.061971,0,-23.1450290000003,-23.1450290000003,0
ai_R_F_S3_V1,delta_rev_to_gdp,-0.000666214637771917,-0.000666214637771917,-0.00068184303648075,-0.00068184303648075,0,-1.56283987088329e-05,-1.56283987088329e-05,0
ai_R_F_S3_V1,delta_rev_to_gdp_cbo,-0.00166857854616306,-0.00166857854616306,-0.00164281208479158,-0.00164281208479158,0,2.57664613714801e-05,2.57664613714801e-05,0
ai_R_F_S3_V1,g_y,0.0716663637828425,0.0716663637828425,0.0716663637828425,0.0716663637828425,0,0,0,0
ai_R_F_S3_V1,scenario_rev_to_gdp_cbo,0.175331421453837,0.175331421453837,0.174738187915208,0.174738187915208,0,-0.000593233538629001,-0.000593233538629001,0
ai_R_R_S0_V1,baseline_rev_to_gdp_cbo,0.177,0.177,0.176381,0.176381,0,-0.000618999999999981,-0.000618999999999981,0
ai_R_R_S0_V1,baseline_revenue_B_cbo,6618.207,6618.207,6595.061971,6595.061971,0,-23.1450290000003,-23.1450290000003,0
ai_R_R_S0_V1,delta_rev_to_gdp,-0.00657316513360653,-0.00578928340070087,-0.00661085061096706,-0.0058232926982861,0.00078388173290566,-3.76854773605296e-05,0.00074987243532043,3.67617977529988e-06
ai_R_R_S0_V1,delta_rev_to_gdp_cbo,-0.00757552904199768,-0.00679164730909199,-0.00757181965927789,-0.00678426174659694,0.000783881732905689,3.70938271979007e-06,0.00079126729540074,3.67617977525998e-06
ai_R_R_S0_V1,g_y,0.0716663637828425,0.0716663637828425,0.0716663637828425,0.0716663637828425,0,0,0,0
ai_R_R_S0_V1,scenario_rev_to_gdp_cbo,0.169424470958002,0.170208352690908,0.168809180340722,0.169596738253403,0.000783881732906,-0.000615290617279996,0.000172267295400985,3.67617977498069e-06
ai_R_R_S2_V1,baseline_rev_to_gdp_cbo,0.177,0.177,0.176381,0.176381,0,-0.000618999999999981,-0.000618999999999981,0
ai_R_R_S2_V1,baseline_revenue_B_cbo,6618.207,6618.207,6595.061971,6595.061971,0,-23.1450290000003,-23.1450290000003,0
ai_R_R_S2_V1,delta_rev_to_gdp,-0.00754750282850489,-0.00677056257804742,-0.00758518830586541,-0.00680457187563266,0.00077694025045747,-3.768547736052e-05,0.00074293095287223,3.67617977527993e-06
ai_R_R_S2_V1,delta_rev_to_gdp_cbo,-0.00854986673689603,-0.00777292648643854,-0.00854615735417624,-0.00776554092394349,0.00077694025045749,3.7093827197892e-06,0.00078432581295254,3.67617977526172e-06
ai_R_R_S2_V1,g_y,0.0716663637828425,0.0716663637828425,0.0716663637828425,0.0716663637828425,0,0,0,0
ai_R_R_S2_V1,scenario_rev_to_gdp_cbo,0.168450133263104,0.169227073513561,0.167834842645824,0.168615459076057,0.000776940250456992,-0.000615290617280023,0.000165325812952977,3.67617977600765e-06
ai_R_R_S3_V1,baseline_rev_to_gdp_cbo,0.177,0.177,0.176381,0.176381,0,-0.000618999999999981,-0.000618999999999981,0
ai_R_R_S3_V1,baseline_revenue_B_cbo,6618.207,6618.207,6595.061971,6595.061971,0,-23.1450290000003,-23.1450290000003,0
ai_R_R_S3_V1,delta_rev_to_gdp,-0.00544270240108433,-0.00465284122405643,-0.00548038787844485,-0.00468685052164167,0.0007898611770279,-3.768547736052e-05,0.000755851879442659,3.67617977527993e-06
ai_R_R_S3_V1,delta_rev_to_gdp_cbo,-0.00644506630947547,-0.00565520513244755,-0.00644135692675568,-0.0056478195699525,0.000789861177027919,3.70938271979007e-06,0.00079724673952297,3.67617977525998e-06
ai_R_R_S3_V1,g_y,0.0716663637828425,0.0716663637828425,0.0716663637828425,0.0716663637828425,0,0,0,0
ai_R_R_S3_V1,scenario_rev_to_gdp_cbo,0.170554933690525,0.171344794867552,0.169939643073244,0.170733180430048,0.000789861177027007,-0.000615290617280995,0.000178246739523019,3.67617977700685e-06
ai_S_F_S0_V1,baseline_rev_to_gdp_cbo,0.177,0.177,0.176381,0.176381,0,-0.000618999999999981,-0.000618999999999981,0
ai_S_F_S0_V1,baseline_revenue_B_cbo,6618.207,6618.207,6595.061971,6595.061971,0,-23.1450290000003,-23.1450290000003,0
ai_S_F_S0_V1,delta_rev_to_gdp,-0.000166802555337076,-0.000166802555337076,-0.000168175460705133,-0.000168175460705133,0,-1.372905368057e-06,-1.372905368057e-06,0
ai_S_F_S0_V1,delta_rev_to_gdp_cbo,-0.000254857052549629,-0.000254857052549629,-0.000252593550460228,-0.000252593550460228,0,2.26350208940105e-06,2.26350208940105e-06,0
ai_S_F_S0_V1,g_y,0.00590936399475561,0.00590936399475561,0.00590936399475561,0.00590936399475561,0,0,0,0
ai_S_F_S0_V1,scenario_rev_to_gdp_cbo,0.17674514294745,0.17674514294745,0.17612840644954,0.17612840644954,0,-0.000616736497909998,-0.000616736497909998,0
ai_S_F_S2_V1,baseline_rev_to_gdp_cbo,0.177,0.177,0.176381,0.176381,0,-0.000618999999999981,-0.000618999999999981,0
ai_S_F_S2_V1,baseline_revenue_B_cbo,6618.207,6618.207,6595.061971,6595.061971,0,-23.1450290000003,-23.1450290000003,0
ai_S_F_S2_V1,delta_rev_to_gdp,-0.000258324491171025,-0.000258324491171025,-0.000259697396539083,-0.000259697396539083,0,-1.372905368058e-06,-1.372905368058e-06,0
ai_S_F_S2_V1,delta_rev_to_gdp_cbo,-0.000346378988383578,-0.000346378988383578,-0.000344115486294178,-0.000344115486294178,0,2.26350208940002e-06,2.26350208940002e-06,0
ai_S_F_S2_V1,g_y,0.00590936399475561,0.00590936399475561,0.00590936399475561,0.00590936399475561,0,0,0,0
ai_S_F_S2_V1,scenario_rev_to_gdp_cbo,0.176653621011616,0.176653621011616,0.176036884513706,0.176036884513706,0,-0.000616736497909998,-0.000616736497909998,0
ai_S_F_S3_V1,baseline_rev_to_gdp_cbo,0.177,0.177,0.176381,0.176381,0,-0.000618999999999981,-0.000618999999999981,0
ai_S_F_S3_V1,baseline_revenue_B_cbo,6618.207,6618.207,6595.061971,6595.061971,0,-23.1450290000003,-23.1450290000003,0
ai_S_F_S3_V1,delta_rev_to_gdp,-7.42867390474411e-05,-7.42867390474411e-05,-7.56596444154711e-05,-7.56596444154711e-05,0,-1.37290536803e-06,-1.37290536803e-06,0
ai_S_F_S3_V1,delta_rev_to_gdp_cbo,-0.000162341236259994,-0.000162341236259994,-0.000160077734170594,-0.000160077734170594,0,2.26350208939999e-06,2.26350208939999e-06,0
ai_S_F_S3_V1,g_y,0.00590936399475561,0.00590936399475561,0.00590936399475561,0.00590936399475561,0,0,0,0
ai_S_F_S3_V1,scenario_rev_to_gdp_cbo,0.17683765876374,0.17683765876374,0.176220922265829,0.176220922265829,0,-0.000616736497910997,-0.000616736497910997,0
ai_S_R_S0_V1,baseline_rev_to_gdp_cbo,0.177,0.177,0.176381,0.176381,0,-0.000618999999999981,-0.000618999999999981,0
ai_S_R_S0_V1,baseline_revenue_B_cbo,6618.207,6618.207,6595.061971,6595.061971,0,-23.1450290000003,-23.1450290000003,0
ai_S_R_S0_V1,delta_rev_to_gdp,-0.000734653198636359,-0.000734653198636359,-0.000738651946701002,-0.000738651946701002,0,-3.99874806464296e-06,-3.99874806464296e-06,0
ai_S_R_S0_V1,delta_rev_to_gdp_cbo,-0.000822707695848912,-0.000822707695848912,-0.000823070036456097,-0.000823070036456097,0,-3.62340607184988e-07,-3.62340607184988e-07,0
ai_S_R_S0_V1,g_y,0.00590936399475561,0.00590936399475561,0.00590936399475561,0.00590936399475561,0,0,0,0
ai_S_R_S0_V1,scenario_rev_to_gdp_cbo,0.176177292304151,0.176177292304151,0.175557929963544,0.175557929963544,0,-0.000619362340606999,-0.000619362340606999,0
ai_S_R_S2_V1,baseline_rev_to_gdp_cbo,0.177,0.177,0.176381,0.176381,0,-0.000618999999999981,-0.000618999999999981,0
ai_S_R_S2_V1,baseline_revenue_B_cbo,6618.207,6618.207,6595.061971,6595.061971,0,-23.1450290000003,-23.1450290000003,0
ai_S_R_S2_V1,delta_rev_to_gdp,-0.00082587999934372,-0.00082587999934372,-0.000829878747408364,-0.000829878747408364,0,-3.99874806464393e-06,-3.99874806464393e-06,0
ai_S_R_S2_V1,delta_rev_to_gdp_cbo,-0.000913934496556273,-0.000913934496556273,-0.000914296837163459,-0.000914296837163459,0,-3.62340607185964e-07,-3.62340607185964e-07,0
ai_S_R_S2_V1,g_y,0.00590936399475561,0.00590936399475561,0.00590936399475561,0.00590936399475561,0,0,0,0
ai_S_R_S2_V1,scenario_rev_to_gdp_cbo,0.176086065503444,0.176086065503444,0.175466703162837,0.175466703162837,0,-0.000619362340606999,-0.000619362340606999,0
ai_S_R_S3_V1,baseline_rev_to_gdp_cbo,0.177,0.177,0.176381,0.176381,0,-0.000618999999999981,-0.000618999999999981,0
ai_S_R_S3_V1,baseline_revenue_B_cbo,6618.207,6618.207,6595.061971,6595.061971,0,-23.1450290000003,-23.1450290000003,0
ai_S_R_S3_V1,delta_rev_to_gdp,-0.000642482935725414,-0.000642482935725414,-0.000646481683790057,-0.000646481683790057,0,-3.99874806464296e-06,-3.99874806464296e-06,0
ai_S_R_S3_V1,delta_rev_to_gdp_cbo,-0.000730537432937967,-0.000730537432937967,-0.000730899773545152,-0.000730899773545152,0,-3.62340607184988e-07,-3.62340607184988e-07,0
ai_S_R_S3_V1,g_y,0.00590936399475561,0.00590936399475561,0.00590936399475561,0.00590936399475561,0,0,0,0
ai_S_R_S3_V1,scenario_rev_to_gdp_cbo,0.176269462567062,0.176269462567062,0.175650100226455,0.175650100226455,0,-0.000619362340606999,-0.000619362340606999,0
